{
"loginAttdId":"su248q",
"investigatorId":"rx448v",
"alertId":"20150226_DS574N",
"suspectFName":"ANN",
"suspectLName":"VALDEZ",
"suspectId":"20150226_DS574N",
"comapany":"VALUE LABS PVT LTD ",
"locationId":"DOM-IRU",
"location":"SSS-SRM",
"caseStatus":"Closed",
"caseDisposition":null,
"caseOwner":"rx448v",
"recentUpdatedDate":1469694598000,
"city":"MAKATI CITY",
"state":"II",
"country":"Philippines",
"caseId":null,
"alertProbability":3.200000151991844,
"status":null,
"dateOfAccess":null,
"acctsAccessed":100,
"ctnsAccessed":150,
"acctsNotedBySuspect":250,
"percentageNotedBySuspect":0.06400000303983688,
"averageOfBan":160,
"averageOfCtns":300,
"percentageNoted":0,
"summaryData":null,
"address":null
}