[{"companyName":"TMKT"},{"companyName":"Aticall"},{"companyName":"Legxii"},{"companyName":"Amdocs"},{"companyName":"AEC"},{"companyName":"Omniglobe"},{"companyName":"Bridgevine (Satellite Country)"},{"companyName":"ETECH"},{"companyName":"Vixicom"},{"companyName":"Great Company �"},{"companyName":"Wayback"},{"companyName":"IBEX"},{"companyName":"DGS (TV Service Now)"},{"companyName":"HCL"},{"companyName":"Sertec"},{"companyName":"Infocision"},{"companyName":"Convergys"},{"companyName":"Teleperformance"},{"companyName":"Teleperformance (Aegis)  "},{"companyName":"S4 ( Thin Op's) "},{"companyName":"Eaya SRL"},{"companyName":"Multiconex"},{"companyName":"Servicom (JNet)"},{"companyName":"Revana"},{"companyName":"Ultracenter"},{"companyName":"VXI"},{"companyName":"Services Cobrancas"},{"companyName":"Flex Contact"},{"companyName":"Atento"},{"companyName":"Kalbo"},{"companyName":"Alorica (West)"},{"companyName":"Sykes"},{"companyName":"Qology (Saveology)"},{"companyName":"iQor"},{"companyName":"Xerox "},{"companyName":"Endeavor"},{"companyName":"Intervalor"},{"companyName":"Tecnic Group"},{"companyName":"iPacesetters"},{"companyName":"Comercializadora Online"},{"companyName":"B3 Comercializadora"},{"companyName":"Empresario Cobranca"},{"companyName":"Maxvision"},{"companyName":"Telexpress"},{"companyName":"Red Ventures"},{"companyName":"Telestant"},{"companyName":"Atendebem"},{"companyName":"Tandem Technology"},{"companyName":"Infosys"},{"companyName":"Empereon"},{"companyName":"Pace"},{"companyName":"S&P Data"},{"companyName":"Infinity Sales Group"},{"companyName":"Allus"},{"companyName":"Clearlink"},{"companyName":"RECSA"},{"companyName":"Teleservices Direct"},{"companyName":"Movearoo "},{"companyName":"Sitel"},{"companyName":"DGS (Go Dish)"},{"companyName":"Sercom"},{"companyName":"Paschoalotto"},{"companyName":"Sitel - Legacy Back Office"},{"companyName":"Access Worldwide"},{"companyName":"Bridgevine (KG)"},{"companyName":"K&M Solutions"},{"companyName":"Vekalu"},{"companyName":"ACG Communications"},{"companyName":"Estudio Fernandez Pillado & Silva Rossi"},{"companyName":"DGS"},{"companyName":"Mera Solution"},{"companyName":"One Touch Direct"},{"companyName":"HGS"},{"companyName":"Credit Cask"},{"companyName":"NCO"},{"companyName":"Vetconnexx"},{"companyName":"24/7 Inc"},{"companyName":"Alorica"},{"companyName":"Startek"},{"companyName":"S4 Communications"},{"companyName":"Synchronoss"},{"companyName":"QBC"},{"companyName":"RDI"},{"companyName":"AllConnect"},{"companyName":"B Connect"},{"companyName":"Bridgevine (iVox Solution)"},{"companyName":"Asurion"},{"companyName":"Diloo"},{"companyName":"Martinez de Alzaga"},{"companyName":"AllConnect (Telvista)"},{"companyName":"ACT"},{"companyName":"Automatyion Research Syst"},{"companyName":"Televista"},{"companyName":"Sutherland"},{"companyName":"Bandwidth Builders, LLC"},{"companyName":"Group O"},{"companyName":"Acao Contact Center"},{"companyName":"Mastec"},{"companyName":"Almaviva do Brasil"},{"companyName":"Digital Mojo (KG Information Systems (P) Limited"},{"companyName":"NSC Global"},{"companyName":"VetConnexx"},{"companyName":"Convergys "},{"companyName":"Tech Mahindra"},{"companyName":"Concentrix"},{"companyName":"LEADS4SALES"},{"companyName":"Paradigm Creative Marketing"},{"companyName":"Dialog Direct"},{"companyName":"Bridgevine  (Vixicom, LLC)"},{"companyName":"Go For Customer "},{"companyName":"Bridgevine (Altitude)"}]