{"casePage":{"content":[{"id":"1236","keyField":"AT5724","summaryDataList":[{"id":"AT5724_20160419","date":"20160419","siteId":"LAF-BCS-NBO","userId":"AT5724","clarifyDataSource":"NA","clarifyAccessCount":0,"clarifySiteAvgAccessCount":0,"clarifyUniqueAccessCount":0,"clarifySiteAvgUniqueAccessCount":0,"clarifySub1MinAccessCount":0,"clarify2To5MinAccessCount":0,"clarify5To10MinAccessCount":0,"telegenceDataSource":"TLG_BTTW","telegenceAccessCount":1205,"telegenceSiteAvgAccessCount":119,"telegenceUniqueAccessCount":672,"telegenceSiteAvgUniqueAccessCount":61,"telegenceSub1MinAccessCount":614,"telegence2To5MinAccessCount":30,"telegence5To10MinAccessCount":16,"telegenceClarifyUniqueAccessCount":0,"telegenceClarifySiteAvgAccessCount":6,"anomalyProbability":0.99,"agentFirstName":"ANDREA","agentLastName":"TAYLOR","agentEmail":"at5724@us.att.com","agentPhone":null,"agentManagerAttUserId":"jd9524","agentManagerFirstName":"JILL","agentManagerLastName":"DUPUIS","agentManagerEmail":"jd9524@us.att.com","agentManagerPhone":"+1 3378067397","agentManagerManagerAttUserId":"ds4935","agentStreet":"221 VENTURE WAY","agentCity":"LAFAYETTE","agentState":"LA","agentZip":null,"agentCountryName":"United States","agentCompany":"AT&T BUSINESS CUSTOMER SOLUTIONS CENTERS","alertStatusType":"New","accountsAccessed":0,"countOfCTNAccessed":0,"accountsNotedBySuspectId":0,"percentageNotedBySuspectId":0.0,"averageNumberOfBAN":0,"averageNumberOfCTN":0,"alertDisposition":null,"alertDispositionDateTime":null,"mobility":null,"clarifyNoMemoCount":0,"telegenceNoMemoCount":0,"dataScienceModelVersion":null,"telegenceId":null}],"attId":"AT5724","loggedAttId":null,"alertType":{"name":"ANOMALY_PROBABILITY_THRESHOLD","value":0},"companyName":"AT&T BUSINESS CUSTOMER SOLUTIONS CENTERS","locationSiteId":"LAF-BCS-NBO","maxProbability":0.99,"caseNotes":[],"caseStatusType":{"name":"New","value":"N"},"investigatorId":"su248q","createdDateTime":"08-15-2016,15:04:19","firstAppDateTime":null,"manager":"su248q","lag":null,"lastUpdateDateTime":"11-25-2016,13:13:05","caseDisposition":null,"longitude":"-92.01994938","latitude":"30.19997703","latestAlertDate":"20160419","countOfAlerts":1,"mobility":null},{"id":"1098","keyField":"JS959S","summaryDataList":[{"id":"JS959S_20160424","date":"20160424","siteId":"MSF-RM","userId":"JS959S","clarifyDataSource":"CFY_BTTW","clarifyAccessCount":74,"clarifySiteAvgAccessCount":54,"clarifyUniqueAccessCount":74,"clarifySiteAvgUniqueAccessCount":43,"clarifySub1MinAccessCount":72,"clarify2To5MinAccessCount":2,"clarify5To10MinAccessCount":0,"telegenceDataSource":"TLG_BTTW","telegenceAccessCount":155,"telegenceSiteAvgAccessCount":88,"telegenceUniqueAccessCount":76,"telegenceSiteAvgUniqueAccessCount":37,"telegenceSub1MinAccessCount":5,"telegence2To5MinAccessCount":7,"telegence5To10MinAccessCount":34,"telegenceClarifyUniqueAccessCount":70,"telegenceClarifySiteAvgAccessCount":29,"anomalyProbability":0.924,"agentFirstName":null,"agentLastName":null,"agentEmail":null,"agentPhone":null,"agentManagerAttUserId":null,"agentManagerFirstName":null,"agentManagerLastName":null,"agentManagerEmail":null,"agentManagerPhone":null,"agentManagerManagerAttUserId":null,"agentStreet":null,"agentCity":null,"agentState":null,"agentZip":null,"agentCountryName":null,"agentCompany":null,"alertStatusType":"New","accountsAccessed":0,"countOfCTNAccessed":0,"accountsNotedBySuspectId":0,"percentageNotedBySuspectId":0.0,"averageNumberOfBAN":0,"averageNumberOfCTN":0,"alertDisposition":null,"alertDispositionDateTime":null,"mobility":null,"clarifyNoMemoCount":0,"telegenceNoMemoCount":0,"dataScienceModelVersion":null,"telegenceId":null},{"id":"JS959S_20160515","date":"20160515","siteId":"MSF-RM","userId":"JS959S","clarifyDataSource":"CFY_BTTW","clarifyAccessCount":85,"clarifySiteAvgAccessCount":70,"clarifyUniqueAccessCount":85,"clarifySiteAvgUniqueAccessCount":56,"clarifySub1MinAccessCount":2,"clarify2To5MinAccessCount":7,"clarify5To10MinAccessCount":42,"telegenceDataSource":"TLG_BTTW","telegenceAccessCount":278,"telegenceSiteAvgAccessCount":112,"telegenceUniqueAccessCount":92,"telegenceSiteAvgUniqueAccessCount":47,"telegenceSub1MinAccessCount":7,"telegence2To5MinAccessCount":9,"telegence5To10MinAccessCount":46,"telegenceClarifyUniqueAccessCount":85,"telegenceClarifySiteAvgAccessCount":43,"anomalyProbability":0.99,"agentFirstName":null,"agentLastName":null,"agentEmail":null,"agentPhone":null,"agentManagerAttUserId":null,"agentManagerFirstName":null,"agentManagerLastName":null,"agentManagerEmail":null,"agentManagerPhone":null,"agentManagerManagerAttUserId":null,"agentStreet":null,"agentCity":null,"agentState":null,"agentZip":null,"agentCountryName":null,"agentCompany":null,"alertStatusType":"New","accountsAccessed":0,"countOfCTNAccessed":0,"accountsNotedBySuspectId":0,"percentageNotedBySuspectId":0.0,"averageNumberOfBAN":0,"averageNumberOfCTN":0,"alertDisposition":null,"alertDispositionDateTime":null,"mobility":null,"clarifyNoMemoCount":0,"telegenceNoMemoCount":0,"dataScienceModelVersion":null,"telegenceId":null},{"id":"JS959S_20160417","date":"20160417","siteId":"MSF-RM","userId":"JS959S","clarifyDataSource":"CFY_BTTW","clarifyAccessCount":92,"clarifySiteAvgAccessCount":52,"clarifyUniqueAccessCount":72,"clarifySiteAvgUniqueAccessCount":43,"clarifySub1MinAccessCount":2,"clarify2To5MinAccessCount":5,"clarify5To10MinAccessCount":29,"telegenceDataSource":"TLG_BTTW","telegenceAccessCount":201,"telegenceSiteAvgAccessCount":84,"telegenceUniqueAccessCount":73,"telegenceSiteAvgUniqueAccessCount":37,"telegenceSub1MinAccessCount":72,"telegence2To5MinAccessCount":1,"telegence5To10MinAccessCount":0,"telegenceClarifyUniqueAccessCount":71,"telegenceClarifySiteAvgAccessCount":28,"anomalyProbability":0.99,"agentFirstName":null,"agentLastName":null,"agentEmail":null,"agentPhone":null,"agentManagerAttUserId":null,"agentManagerFirstName":null,"agentManagerLastName":null,"agentManagerEmail":null,"agentManagerPhone":null,"agentManagerManagerAttUserId":null,"agentStreet":null,"agentCity":null,"agentState":null,"agentZip":null,"agentCountryName":null,"agentCompany":null,"alertStatusType":"New","accountsAccessed":0,"countOfCTNAccessed":0,"accountsNotedBySuspectId":0,"percentageNotedBySuspectId":0.0,"averageNumberOfBAN":0,"averageNumberOfCTN":0,"alertDisposition":null,"alertDispositionDateTime":null,"mobility":null,"clarifyNoMemoCount":0,"telegenceNoMemoCount":0,"dataScienceModelVersion":null,"telegenceId":null}],"attId":"JS959S","loggedAttId":null,"alertType":{"name":"ANOMALY_PROBABILITY_THRESHOLD","value":0},"companyName":null,"locationSiteId":"MSF-RM","maxProbability":0.99,"caseNotes":[],"caseStatusType":{"name":"InProgress","value":"P"},"investigatorId":"su248q","createdDateTime":"08-15-2016,15:02:55","firstAppDateTime":null,"manager":"su248q","lag":null,"lastUpdateDateTime":"11-22-2016,11:53:36","caseDisposition":null,"longitude":null,"latitude":null,"latestAlertDate":"20160515","countOfAlerts":3,"mobility":null},{"id":"1049","keyField":"MM7409","summaryDataList":[{"id":"MM7409_20160426","date":"20160426","siteId":"DAL-CASH OPS","userId":"MM7409","clarifyDataSource":"NA","clarifyAccessCount":0,"clarifySiteAvgAccessCount":0,"clarifyUniqueAccessCount":0,"clarifySiteAvgUniqueAccessCount":0,"clarifySub1MinAccessCount":0,"clarify2To5MinAccessCount":0,"clarify5To10MinAccessCount":0,"telegenceDataSource":"TLG_BTTW","telegenceAccessCount":426,"telegenceSiteAvgAccessCount":176,"telegenceUniqueAccessCount":145,"telegenceSiteAvgUniqueAccessCount":53,"telegenceSub1MinAccessCount":46,"telegence2To5MinAccessCount":27,"telegence5To10MinAccessCount":45,"telegenceClarifyUniqueAccessCount":0,"telegenceClarifySiteAvgAccessCount":11,"anomalyProbability":0.99,"agentFirstName":"MICHAEL","agentLastName":"MALONE","agentEmail":"mm7409@us.att.com","agentPhone":null,"agentManagerAttUserId":"lk811h","agentManagerFirstName":"LEWIS","agentManagerLastName":"KENNEMER","agentManagerEmail":"lk811h@us.att.com","agentManagerPhone":null,"agentManagerManagerAttUserId":"bn2729","agentStreet":"1801 VALLEY VIEW LN","agentCity":"FARMERS BRANCH","agentState":"TX","agentZip":null,"agentCountryName":"United States","agentCompany":"FINANCE","alertStatusType":"New","accountsAccessed":0,"countOfCTNAccessed":0,"accountsNotedBySuspectId":0,"percentageNotedBySuspectId":0.0,"averageNumberOfBAN":0,"averageNumberOfCTN":0,"alertDisposition":null,"alertDispositionDateTime":null,"mobility":null,"clarifyNoMemoCount":0,"telegenceNoMemoCount":0,"dataScienceModelVersion":null,"telegenceId":null}],"attId":"MM7409","loggedAttId":null,"alertType":{"name":"ANOMALY_PROBABILITY_THRESHOLD","value":0},"companyName":"FINANCE","locationSiteId":"DAL-CASH OPS","maxProbability":0.99,"caseNotes":[],"caseStatusType":{"name":"InProgress","value":"P"},"investigatorId":"su248q","createdDateTime":"08-15-2016,15:02:24","firstAppDateTime":null,"manager":"su248q","lag":null,"lastUpdateDateTime":"10-27-2016,12:19:23","caseDisposition":null,"longitude":"-96.89612","latitude":"32.92651","latestAlertDate":"20160426","countOfAlerts":1,"mobility":null},{"id":"1754","keyField":"EG166Y","summaryDataList":[{"id":"EG166Y_20160426","date":"20160426","siteId":"DAL-CASH OPS","userId":"EG166Y","clarifyDataSource":"NA","clarifyAccessCount":0,"clarifySiteAvgAccessCount":0,"clarifyUniqueAccessCount":0,"clarifySiteAvgUniqueAccessCount":0,"clarifySub1MinAccessCount":0,"clarify2To5MinAccessCount":0,"clarify5To10MinAccessCount":0,"telegenceDataSource":"TLG_BTTW","telegenceAccessCount":318,"telegenceSiteAvgAccessCount":53,"telegenceUniqueAccessCount":92,"telegenceSiteAvgUniqueAccessCount":0,"telegenceSub1MinAccessCount":7,"telegence2To5MinAccessCount":8,"telegence5To10MinAccessCount":54,"telegenceClarifyUniqueAccessCount":0,"telegenceClarifySiteAvgAccessCount":11,"anomalyProbability":0.99,"agentFirstName":"ELETICIA","agentLastName":"GUERRERO","agentEmail":"eg166y@us.att.com","agentPhone":null,"agentManagerAttUserId":"kg4399","agentManagerFirstName":"KATHERINE","agentManagerLastName":"GREENE","agentManagerEmail":null,"agentManagerPhone":null,"agentManagerManagerAttUserId":"bn2729","agentStreet":"1801 VALLEY VIEW LN","agentCity":"FARMERS BRANCH","agentState":"TX","agentZip":null,"agentCountryName":"United States","agentCompany":null,"alertStatusType":"Closed","accountsAccessed":0,"countOfCTNAccessed":0,"accountsNotedBySuspectId":0,"percentageNotedBySuspectId":0.0,"averageNumberOfBAN":0,"averageNumberOfCTN":0,"alertDisposition":{"name":"Not Fraud Training Class","value":"NFT"},"alertDispositionDateTime":null,"mobility":null,"clarifyNoMemoCount":0,"telegenceNoMemoCount":0,"dataScienceModelVersion":null,"telegenceId":null,"caseId":null,"averageAccountAccessCount":159,"averageSiteAvgAccessCount":26}],"attId":"EG166Y","loggedAttId":null,"alertType":{"name":"ANOMALY_PROBABILITY_THRESHOLD","value":0},"companyName":null,"locationSiteId":null,"maxProbability":0.99,"caseNotes":[{"name":"Mallikarjun Test","attUserId":"mc898b","content":"test","createDateTime":"10-19-2016,10:54:46"},{"name":"SARITHA UPPU","attUserId":"su248q","content":"test","createDateTime":"10-19-2016,10:56:19"}],"caseStatusType":{"name":"Closed","value":"C"},"investigatorId":"su248q","createdDateTime":"10-14-2016,07:28:16","firstAppDateTime":null,"manager":"su248q","lag":null,"lastUpdateDateTime":"10-19-2016,10:56:18","caseDisposition":{"name":"Fraud Mining","value":"FM"},"longitude":null,"latitude":null,"latestAlertDate":"20160426","countOfAlerts":1,"mobility":null},{"id":"1021","keyField":"RB141K","summaryDataList":[{"id":"RB141K_20160427","date":"20160427","siteId":"ELP-DAV-MCSC","userId":"RB141K","clarifyDataSource":"NA","clarifyAccessCount":0,"clarifySiteAvgAccessCount":0,"clarifyUniqueAccessCount":0,"clarifySiteAvgUniqueAccessCount":0,"clarifySub1MinAccessCount":0,"clarify2To5MinAccessCount":0,"clarify5To10MinAccessCount":0,"telegenceDataSource":"TLG_BTTW","telegenceAccessCount":936,"telegenceSiteAvgAccessCount":26,"telegenceUniqueAccessCount":466,"telegenceSiteAvgUniqueAccessCount":13,"telegenceSub1MinAccessCount":385,"telegence2To5MinAccessCount":43,"telegence5To10MinAccessCount":24,"telegenceClarifyUniqueAccessCount":0,"telegenceClarifySiteAvgAccessCount":5,"anomalyProbability":0.99,"agentFirstName":"RUBEN","agentLastName":"BERNAL","agentEmail":null,"agentPhone":null,"agentManagerAttUserId":"cm8619","agentManagerFirstName":"CHRISTOPHER","agentManagerLastName":"MONKS","agentManagerEmail":"cm8619@us.att.com","agentManagerPhone":"+1 4053010718","agentManagerManagerAttUserId":"ts2300","agentStreet":"1015 BELVIDERE STREET","agentCity":"EL PASO","agentState":"TX","agentZip":null,"agentCountryName":"United States","agentCompany":"ALORICA","alertStatusType":"Closed","accountsAccessed":0,"countOfCTNAccessed":0,"accountsNotedBySuspectId":0,"percentageNotedBySuspectId":0.0,"averageNumberOfBAN":0,"averageNumberOfCTN":0,"alertDisposition":{"name":"Fraud Mining","value":"FM"},"alertDispositionDateTime":null,"mobility":null,"clarifyNoMemoCount":0,"telegenceNoMemoCount":0,"dataScienceModelVersion":null,"telegenceId":null},{"id":"RB141K_20160512","date":"20160512","siteId":"ELP-DAV-MCSC","userId":"RB141K","clarifyDataSource":"NA","clarifyAccessCount":0,"clarifySiteAvgAccessCount":0,"clarifyUniqueAccessCount":0,"clarifySiteAvgUniqueAccessCount":0,"clarifySub1MinAccessCount":0,"clarify2To5MinAccessCount":0,"clarify5To10MinAccessCount":0,"telegenceDataSource":"TLG_BTTW","telegenceAccessCount":654,"telegenceSiteAvgAccessCount":34,"telegenceUniqueAccessCount":335,"telegenceSiteAvgUniqueAccessCount":17,"telegenceSub1MinAccessCount":233,"telegence2To5MinAccessCount":57,"telegence5To10MinAccessCount":23,"telegenceClarifyUniqueAccessCount":0,"telegenceClarifySiteAvgAccessCount":5,"anomalyProbability":0.99,"agentFirstName":"RUBEN","agentLastName":"BERNAL","agentEmail":null,"agentPhone":null,"agentManagerAttUserId":"cm8619","agentManagerFirstName":"CHRISTOPHER","agentManagerLastName":"MONKS","agentManagerEmail":"cm8619@us.att.com","agentManagerPhone":"+1 4053010718","agentManagerManagerAttUserId":"ts2300","agentStreet":"1015 BELVIDERE STREET","agentCity":"EL PASO","agentState":"TX","agentZip":null,"agentCountryName":"United States","agentCompany":"ALORICA","alertStatusType":"New","accountsAccessed":0,"countOfCTNAccessed":0,"accountsNotedBySuspectId":0,"percentageNotedBySuspectId":0.0,"averageNumberOfBAN":0,"averageNumberOfCTN":0,"alertDisposition":null,"alertDispositionDateTime":null,"mobility":null,"clarifyNoMemoCount":0,"telegenceNoMemoCount":0,"dataScienceModelVersion":null,"telegenceId":null},{"id":"RB141K_20160415","date":"20160415","siteId":"ELP-DAV-MCSC","userId":"RB141K","clarifyDataSource":"NA","clarifyAccessCount":0,"clarifySiteAvgAccessCount":0,"clarifyUniqueAccessCount":0,"clarifySiteAvgUniqueAccessCount":0,"clarifySub1MinAccessCount":0,"clarify2To5MinAccessCount":0,"clarify5To10MinAccessCount":0,"telegenceDataSource":"TLG_BTTW","telegenceAccessCount":468,"telegenceSiteAvgAccessCount":24,"telegenceUniqueAccessCount":220,"telegenceSiteAvgUniqueAccessCount":12,"telegenceSub1MinAccessCount":88,"telegence2To5MinAccessCount":40,"telegence5To10MinAccessCount":57,"telegenceClarifyUniqueAccessCount":0,"telegenceClarifySiteAvgAccessCount":4,"anomalyProbability":0.998,"agentFirstName":"RUBEN","agentLastName":"BERNAL","agentEmail":null,"agentPhone":null,"agentManagerAttUserId":"cm8619","agentManagerFirstName":"CHRISTOPHER","agentManagerLastName":"MONKS","agentManagerEmail":"cm8619@us.att.com","agentManagerPhone":"+1 4053010718","agentManagerManagerAttUserId":"ts2300","agentStreet":"1015 BELVIDERE STREET","agentCity":"EL PASO","agentState":"TX","agentZip":null,"agentCountryName":"United States","agentCompany":"ALORICA","alertStatusType":"Closed","accountsAccessed":0,"countOfCTNAccessed":0,"accountsNotedBySuspectId":0,"percentageNotedBySuspectId":0.0,"averageNumberOfBAN":0,"averageNumberOfCTN":0,"alertDisposition":{"name":"Fraud Mining","value":"FM"},"alertDispositionDateTime":null,"mobility":null,"clarifyNoMemoCount":0,"telegenceNoMemoCount":0,"dataScienceModelVersion":null,"telegenceId":null},{"id":"RB141K_20160505","date":"20160505","siteId":"ELP-DAV-MCSC","userId":"RB141K","clarifyDataSource":"NA","clarifyAccessCount":0,"clarifySiteAvgAccessCount":0,"clarifyUniqueAccessCount":0,"clarifySiteAvgUniqueAccessCount":0,"clarifySub1MinAccessCount":0,"clarify2To5MinAccessCount":0,"clarify5To10MinAccessCount":0,"telegenceDataSource":"TLG_BTTW","telegenceAccessCount":1099,"telegenceSiteAvgAccessCount":30,"telegenceUniqueAccessCount":547,"telegenceSiteAvgUniqueAccessCount":16,"telegenceSub1MinAccessCount":452,"telegence2To5MinAccessCount":48,"telegence5To10MinAccessCount":30,"telegenceClarifyUniqueAccessCount":0,"telegenceClarifySiteAvgAccessCount":6,"anomalyProbability":0.99,"agentFirstName":"RUBEN","agentLastName":"BERNAL","agentEmail":null,"agentPhone":null,"agentManagerAttUserId":"cm8619","agentManagerFirstName":"CHRISTOPHER","agentManagerLastName":"MONKS","agentManagerEmail":"cm8619@us.att.com","agentManagerPhone":"+1 4053010718","agentManagerManagerAttUserId":"ts2300","agentStreet":"1015 BELVIDERE STREET","agentCity":"EL PASO","agentState":"TX","agentZip":null,"agentCountryName":"United States","agentCompany":"ALORICA","alertStatusType":"New","accountsAccessed":0,"countOfCTNAccessed":0,"accountsNotedBySuspectId":0,"percentageNotedBySuspectId":0.0,"averageNumberOfBAN":0,"averageNumberOfCTN":0,"alertDisposition":null,"alertDispositionDateTime":null,"mobility":null,"clarifyNoMemoCount":0,"telegenceNoMemoCount":0,"dataScienceModelVersion":null,"telegenceId":null}],"attId":"RB141K","loggedAttId":null,"alertType":{"name":"ANOMALY_PROBABILITY_THRESHOLD","value":0},"companyName":"ALORICA","locationSiteId":"ELP-DAV-MCSC","maxProbability":0.998,"caseNotes":[{"name":"SREEDEVI TODIGALA","attUserId":"st681u","content":"i am adding notes","createDateTime":"08-17-2016,16:58:50"},{"name":"SRINIVAS VUYYURU","attUserId":"sv847f","content":"test","createDateTime":"08-15-2016,15:19:38"},{"name":"SHARATH+KUMAR VINJAMURI","attUserId":"sv898b","content":"Test Notes..","createDateTime":"08-17-2016,12:58:11"},{"name":"SARITHA UPPU","attUserId":"su248q","content":"test","createDateTime":"10-19-2016,09:05:25"}],"caseStatusType":{"name":"Closed","value":"C"},"investigatorId":"su248q","createdDateTime":"08-16-2016,15:02:01","firstAppDateTime":null,"manager":"su248q","lag":null,"lastUpdateDateTime":"10-19-2016,09:05:25","caseDisposition":{"name":"Fraud Mining","value":"FM"},"longitude":"-106.5099952","latitude":"31.77998395","latestAlertDate":"20160512","countOfAlerts":4,"mobility":null},{"id":"1753","keyField":"TH050U","summaryDataList":[{"id":"TH050U_20160510","date":"20160510","siteId":"DAL-RM-TLG","userId":"TH050U","clarifyDataSource":"CFY_BTTW","clarifyAccessCount":18,"clarifySiteAvgAccessCount":32,"clarifyUniqueAccessCount":15,"clarifySiteAvgUniqueAccessCount":25,"clarifySub1MinAccessCount":2,"clarify2To5MinAccessCount":0,"clarify5To10MinAccessCount":6,"telegenceDataSource":"TLG_BTTW","telegenceAccessCount":861,"telegenceSiteAvgAccessCount":95,"telegenceUniqueAccessCount":513,"telegenceSiteAvgUniqueAccessCount":0,"telegenceSub1MinAccessCount":446,"telegence2To5MinAccessCount":40,"telegence5To10MinAccessCount":14,"telegenceClarifyUniqueAccessCount":14,"telegenceClarifySiteAvgAccessCount":16,"anomalyProbability":0.99,"agentFirstName":"TAMMY","agentLastName":"VAN NIEKERK","agentEmail":"th050u@us.att.com","agentPhone":null,"agentManagerAttUserId":"hm5290","agentManagerFirstName":"HECTOR MARTINS","agentManagerLastName":"MOGBO","agentManagerEmail":null,"agentManagerPhone":null,"agentManagerManagerAttUserId":"kw411a","agentStreet":"1801 VALLEY VIEW LN","agentCity":"FARMERS BRANCH","agentState":"TX","agentZip":null,"agentCountryName":"United States","agentCompany":null,"alertStatusType":"Closed","accountsAccessed":0,"countOfCTNAccessed":0,"accountsNotedBySuspectId":0,"percentageNotedBySuspectId":0.0,"averageNumberOfBAN":0,"averageNumberOfCTN":0,"alertDisposition":{"name":"Not Fraud Multi PC Logon self","value":"NFS"},"alertDispositionDateTime":null,"mobility":null,"clarifyNoMemoCount":0,"telegenceNoMemoCount":0,"dataScienceModelVersion":null,"telegenceId":null,"caseId":null,"averageAccountAccessCount":439,"averageSiteAvgAccessCount":63},{"id":"TH050U_20160511","date":"20160511","siteId":"DAL-RM-TLG","userId":"TH050U","clarifyDataSource":"CFY_BTTW","clarifyAccessCount":10,"clarifySiteAvgAccessCount":30,"clarifyUniqueAccessCount":6,"clarifySiteAvgUniqueAccessCount":24,"clarifySub1MinAccessCount":6,"clarify2To5MinAccessCount":0,"clarify5To10MinAccessCount":0,"telegenceDataSource":"TLG_BTTW","telegenceAccessCount":21,"telegenceSiteAvgAccessCount":59,"telegenceUniqueAccessCount":6,"telegenceSiteAvgUniqueAccessCount":0,"telegenceSub1MinAccessCount":6,"telegence2To5MinAccessCount":0,"telegence5To10MinAccessCount":0,"telegenceClarifyUniqueAccessCount":6,"telegenceClarifySiteAvgAccessCount":17,"anomalyProbability":0.0,"agentFirstName":"TAMMY","agentLastName":"VAN NIEKERK","agentEmail":"th050u@us.att.com","agentPhone":null,"agentManagerAttUserId":"hm5290","agentManagerFirstName":"HECTOR MARTINS","agentManagerLastName":"MOGBO","agentManagerEmail":null,"agentManagerPhone":null,"agentManagerManagerAttUserId":"kw411a","agentStreet":"1801 VALLEY VIEW LN","agentCity":"FARMERS BRANCH","agentState":"TX","agentZip":null,"agentCountryName":"United States","agentCompany":null,"alertStatusType":"New","accountsAccessed":0,"countOfCTNAccessed":0,"accountsNotedBySuspectId":0,"percentageNotedBySuspectId":0.0,"averageNumberOfBAN":0,"averageNumberOfCTN":0,"alertDisposition":null,"alertDispositionDateTime":null,"mobility":null,"clarifyNoMemoCount":0,"telegenceNoMemoCount":0,"dataScienceModelVersion":null,"telegenceId":null,"caseId":null,"averageAccountAccessCount":15,"averageSiteAvgAccessCount":44},{"id":"TH050U_20160514","date":"20160514","siteId":"DAL-RM-TLG","userId":"TH050U","clarifyDataSource":"CFY_BTTW","clarifyAccessCount":93,"clarifySiteAvgAccessCount":48,"clarifyUniqueAccessCount":77,"clarifySiteAvgUniqueAccessCount":39,"clarifySub1MinAccessCount":2,"clarify2To5MinAccessCount":3,"clarify5To10MinAccessCount":46,"telegenceDataSource":"TLG_BTTW","telegenceAccessCount":194,"telegenceSiteAvgAccessCount":67,"telegenceUniqueAccessCount":83,"telegenceSiteAvgUniqueAccessCount":0,"telegenceSub1MinAccessCount":3,"telegence2To5MinAccessCount":5,"telegence5To10MinAccessCount":45,"telegenceClarifyUniqueAccessCount":76,"telegenceClarifySiteAvgAccessCount":31,"anomalyProbability":0.272,"agentFirstName":"TAMMY","agentLastName":"VAN NIEKERK","agentEmail":"th050u@us.att.com","agentPhone":null,"agentManagerAttUserId":"hm5290","agentManagerFirstName":"HECTOR MARTINS","agentManagerLastName":"MOGBO","agentManagerEmail":null,"agentManagerPhone":null,"agentManagerManagerAttUserId":"kw411a","agentStreet":"1801 VALLEY VIEW LN","agentCity":"FARMERS BRANCH","agentState":"TX","agentZip":null,"agentCountryName":"United States","agentCompany":null,"alertStatusType":"New","accountsAccessed":0,"countOfCTNAccessed":0,"accountsNotedBySuspectId":0,"percentageNotedBySuspectId":0.0,"averageNumberOfBAN":0,"averageNumberOfCTN":0,"alertDisposition":null,"alertDispositionDateTime":null,"mobility":null,"clarifyNoMemoCount":0,"telegenceNoMemoCount":0,"dataScienceModelVersion":null,"telegenceId":null,"caseId":null,"averageAccountAccessCount":143,"averageSiteAvgAccessCount":57},{"id":"TH050U_20160515","date":"20160515","siteId":"DAL-RM-TLG","userId":"TH050U","clarifyDataSource":"CFY_BTTW","clarifyAccessCount":10,"clarifySiteAvgAccessCount":6,"clarifyUniqueAccessCount":10,"clarifySiteAvgUniqueAccessCount":6,"clarifySub1MinAccessCount":2,"clarify2To5MinAccessCount":3,"clarify5To10MinAccessCount":2,"telegenceDataSource":"TLG_BTTW","telegenceAccessCount":26,"telegenceSiteAvgAccessCount":223,"telegenceUniqueAccessCount":13,"telegenceSiteAvgUniqueAccessCount":0,"telegenceSub1MinAccessCount":3,"telegence2To5MinAccessCount":5,"telegence5To10MinAccessCount":4,"telegenceClarifyUniqueAccessCount":9,"telegenceClarifySiteAvgAccessCount":3,"anomalyProbability":0.0,"agentFirstName":"TAMMY","agentLastName":"VAN NIEKERK","agentEmail":"th050u@us.att.com","agentPhone":null,"agentManagerAttUserId":"hm5290","agentManagerFirstName":"HECTOR MARTINS","agentManagerLastName":"MOGBO","agentManagerEmail":null,"agentManagerPhone":null,"agentManagerManagerAttUserId":"kw411a","agentStreet":"1801 VALLEY VIEW LN","agentCity":"FARMERS BRANCH","agentState":"TX","agentZip":null,"agentCountryName":"United States","agentCompany":null,"alertStatusType":"New","accountsAccessed":0,"countOfCTNAccessed":0,"accountsNotedBySuspectId":0,"percentageNotedBySuspectId":0.0,"averageNumberOfBAN":0,"averageNumberOfCTN":0,"alertDisposition":null,"alertDispositionDateTime":null,"mobility":null,"clarifyNoMemoCount":0,"telegenceNoMemoCount":0,"dataScienceModelVersion":null,"telegenceId":null,"caseId":null,"averageAccountAccessCount":18,"averageSiteAvgAccessCount":114}],"attId":"TH050U","loggedAttId":null,"alertType":{"name":"ANOMALY_PROBABILITY_THRESHOLD","value":0},"companyName":null,"locationSiteId":null,"maxProbability":0.99,"caseNotes":[{"name":"SARITHA UPPU","attUserId":"su248q","content":"test","createDateTime":"10-17-2016,09:02:39"},{"name":"SARITHA UPPU","attUserId":"su248q","content":"test","createDateTime":"10-17-2016,09:05:04"}],"caseStatusType":{"name":"Closed","value":"C"},"investigatorId":"su248q","createdDateTime":"10-14-2016,07:20:29","firstAppDateTime":null,"manager":"su248q","lag":null,"lastUpdateDateTime":"10-17-2016,09:05:04","caseDisposition":{"name":"Fraud Mining","value":"FM"},"longitude":null,"latitude":null,"latestAlertDate":"20160515","countOfAlerts":4,"mobility":null}],"last":true,"totalPages":1,"totalElements":6,"size":25,"number":0,"numberOfElements":6,"sort":[{"direction":"DESC","property":"lastUpdateDateTime","ignoreCase":false,"nullHandling":"NATIVE","ascending":false}],"first":true},"alertPageList":null,"serviceResult":{"success":true,"errorMessage":null,"errorMessageTechnical":null}}