[
    {
    "id":"ww278w",
    "firstName":"Williams",
    "lastName":"Wang",
    "probabilityPercentage":70.3,
    "workLocation":{
        "city":"Texas",
        "state":"USA"
    },
    "dateOfAbnormalEvent":"Feb 14, 2007",
    "timeOfAbnormalEvent":"10:45:23 AM",
    "isBookmarked":"yes"
    },
    {
    "id":"js278w",
    "firstName":"John",
    "lastName":"Smith",
    "probabilityPercentage":30,
    "workLocation":{
    "city":"Sacramento",
    "state":"California"
    },
    "dateOfAbnormalEvent":"Feb 13, 2007",
    "timeOfAbnormalEvent":"10:45:23 PM",
    "isBookmarked":"no"
    },
    {
    "id":"sr278w",
    "firstName":"Samuel",
    "lastName":"Radulf",
    "probabilityPercentage":60.3,
    "workLocation":{
    "city":"Tallahassee",
    "state":"Florida"
    },
    "dateOfAbnormalEvent":"Feb 15, 2007",
    "timeOfAbnormalEvent":"11:45:23 AM",
    "isBookmarked":"yes"
    },
    {
    "id":"dc238w",
    "firstName":"Damien",
    "lastName":"Charles",
    "probabilityPercentage":50.3,
    "workLocation":{
    "city":"BatonRouge",
    "state":"Louisiana"
    },
    "dateOfAbnormalEvent":"Feb 18, 2007",
    "timeOfAbnormalEvent":"12:45:23 AM",
    "isBookmarked":"no"
    },
    {
    "id":"gs278w",
    "firstName":"George",
    "lastName":"Smith",
    "probabilityPercentage":80.3,
    "workLocation":{
    "city":"Albany",
    "state":"NewYork"
    },
    "dateOfAbnormalEvent":"Feb 19, 2007",
    "timeOfAbnormalEvent":"09:45:23 PM",
    "isBookmarked":"yes"
    }
]




