[{
	"id": 9485,
	"anomalyDetail": {
		"allEmployeeDetail": {
			"firstName": "radiel",
			"lastName": "joseph",
			"attID": "AS4572",
			"email": "AS4572@att.com",
			"phone": "011-57-1-765-3421",
			"terminal": "TLG_BTTW"
		},
		"isEventFraudulent": "na",
		"isBookMarked": "yes",
		"save": "no"
	},
	"anomalyEventSummary": {
		"callCount": "40",
		"accessCount": "80",
		"average": "60"
	},
	"vendorManager": {
		"vendorDetails": {
			"vendorFirstName": "john",
			"vendorLastName": "morry",
			"attID": "KS9485",
			"email": "KS9485@att.com",
			"phone": "011-57-1-765-3421",
			"terminal": "TLG_BTTW",
			"supervisorFirstName": "Natalie",
			"supervisorLastName": "Davis",
			"supervisorId": "ND7842"
		}
	},
	"anomalyEventDetails": {
		"anomalyEventDate": "May 21, 2015",
		"eventDetails": [{
			"customerAccountId": "28747363",
			"accessCount": "15",
			"amountOfTimeAccessed": "28"
		}, {
			"customerAccountId": "28747362",
			"accessCount": "60",
			"amountOfTimeAccessed": "25"
		}]
	}
}]