[{"marketCode":"ALH"},{"marketCode":"ARK"},{"marketCode":"AUS"},{"marketCode":"BOS"},{"marketCode":"COR"},{"marketCode":"DLS"},{"marketCode":"FLP"},{"marketCode":"GAC"},{"marketCode":"GLF"},{"marketCode":"GLR"},{"marketCode":"GPL"},{"marketCode":"HCL"},{"marketCode":"ILL"},{"marketCode":"IND"},{"marketCode":"LAR"},{"marketCode":"MNY"},{"marketCode":"MTZ"},{"marketCode":"MWR"},{"marketCode":"NBI"},{"marketCode":"NCA"},{"marketCode":"NULL"},{"marketCode":"NWS"},{"marketCode":"NYR"},{"marketCode":"OKC"},{"marketCode":"PAC"},{"marketCode":"PHI"},{"marketCode":"RGV"},{"marketCode":"SAN"},{"marketCode":"SNE"},{"marketCode":"STL"},{"marketCode":"TNK"},{"marketCode":"TUL"},{"marketCode":"WAS"},{"marketCode":"WTX"}]