{
"serviceResult":{
"success":true,
"errorMessage":null,
"errorMessageTechnical":null
},
"caseManagerList":[
{
"attUserId":"JB458R",
"name":"BRYANT JUSTIN"
},
{
"attUserId":"jc715w",
"name":"JOSEPH COHEN"
},
{
"attUserId":"rx448v",
"name":"RAMAKRISHNA MITTAPALLY"
},
{
"attUserId":"sv847f",
"name":"Srinivas Vuyyuru"
},
{
"attUserId":"vs391k",
"name":"VARADHARAJAN SUNDARAM"
},
{
"attUserId":"st681u",
"name":"SREEDEVI TODIGALA"
},
{
"attUserId":"pd448v",
"name":"praveen d"
},
{
"attUserId":"vc448v",
"name":"venkata chayanam"
},
{
"attUserId":"sv898b",
"name":"Sharath Vinjamuri"
},
{
"attUserId":"rr248q",
"name":"Ranjith Rondla"
},
{
"attUserId":"sp248q",
"name":"Soma Sekhar Poojari"
},
{
"attUserId":"mc898b",
"name":"Mallikarjun Chapalamadugu"
},
{
"attUserId":"su248q",
"name":"Saritha Uppu"
},
{
"attUserId":"pg556e",
"name":"Prasoona Goli"
},
{
"attUserId":"da992u",
"name":"Deepthi Attili"
},
{
"attUserId":"sy992u",
"name":"Sravan Yerram"
},
{
"attUserId":"tj8290",
"name":"Tripula Jana"
}
]
}