
{"serviceResult":null,"size":25,"page":0,"totalPages":1,"totalRecords":2,"dataList":[{"id":"RJ2764_20160421","date":"20160421","siteId":"DAL-RM-TLG","userId":"RJ2764","clarifyDataSource":"CFY_BTTW","clarifyAccessCount":1,"clarifySiteAvgAccessCount":42,"clarifyUniqueAccessCount":1,"clarifySiteAvgUniqueAccessCount":33,"clarifySub1MinAccessCount":1,"clarify2To5MinAccessCount":0,"clarify5To10MinAccessCount":0,"telegenceDataSource":"TLG_BTTW","telegenceAccessCount":1894,"telegenceSiteAvgAccessCount":145,"telegenceUniqueAccessCount":1759,"telegenceSiteAvgUniqueAccessCount":80,"telegenceSub1MinAccessCount":1701,"telegence2To5MinAccessCount":13,"telegence5To10MinAccessCount":18,"telegenceClarifyUniqueAccessCount":1,"telegenceClarifySiteAvgAccessCount":24,"anomalyProbability":0.906,"agentFirstName":"ROBIN","agentLastName":"JOHNSON","agentEmail":"rj2764@us.att.com","agentPhone":null,"agentManagerAttUserId":"cj1403","agentManagerFirstName":"CHESTER","agentManagerLastName":"JACKSON","agentManagerEmail":"cj1403@us.att.com","agentManagerPhone":null,"agentManagerManagerAttUserId":"rb3328","agentStreet":"1801 VALLEY VIEW LN","agentCity":"FARMERS BRANCH","agentState":"TX","agentZip":null,"agentCountryName":"United States","agentCompany":"FINANCE","alertStatusType":"New","accountsAccessed":0,"countOfCTNAccessed":0,"accountsNotedBySuspectId":0,"percentageNotedBySuspectId":0.0,"averageNumberOfBAN":0,"averageNumberOfCTN":0,"alertDisposition":null},{"id":"RJ2764_20160416","date":"20160416","siteId":"DAL-RM-TLG","userId":"RJ2764","clarifyDataSource":"NA","clarifyAccessCount":0,"clarifySiteAvgAccessCount":0,"clarifyUniqueAccessCount":0,"clarifySiteAvgUniqueAccessCount":0,"clarifySub1MinAccessCount":0,"clarify2To5MinAccessCount":0,"clarify5To10MinAccessCount":0,"telegenceDataSource":"TLG_BTTW","telegenceAccessCount":2766,"telegenceSiteAvgAccessCount":143,"telegenceUniqueAccessCount":2654,"telegenceSiteAvgUniqueAccessCount":95,"telegenceSub1MinAccessCount":2598,"telegence2To5MinAccessCount":12,"telegence5To10MinAccessCount":20,"telegenceClarifyUniqueAccessCount":0,"telegenceClarifySiteAvgAccessCount":31,"anomalyProbability":0.99,"agentFirstName":"ROBIN","agentLastName":"JOHNSON","agentEmail":"rj2764@us.att.com","agentPhone":null,"agentManagerAttUserId":"cj1403","agentManagerFirstName":"CHESTER","agentManagerLastName":"JACKSON","agentManagerEmail":"cj1403@us.att.com","agentManagerPhone":null,"agentManagerManagerAttUserId":"rb3328","agentStreet":"1801 VALLEY VIEW LN","agentCity":"FARMERS BRANCH","agentState":"TX","agentZip":null,"agentCountryName":"United States","agentCompany":"FINANCE","alertStatusType":"New","accountsAccessed":0,"countOfCTNAccessed":0,"accountsNotedBySuspectId":0,"percentageNotedBySuspectId":0.0,"averageNumberOfBAN":0,"averageNumberOfCTN":0,"alertDisposition":null}],"caseId":"1554","investigatorId":"sv898b","suspectId":"RJ2764","suspectFirstName":"ROBIN","suspectLastName":"JOHNSON","caseDisposition":null,"caseStatusType":{"name":"InProgress","value":"P"},"lastUpdateDateTime":1471602232000,"createdDateTime":1471224841690,"company":"FINANCE","locationId":"DAL-RM-TLG","location":{"address":"1801 VALLEY VIEW LN","country":"United States","city":"FARMERS BRANCH","state":"TX"}}