{"message":null,"alertvalue":null,"lastUpdateDateTime":null,"value":null,"dataList":[{"id":"KT4871_20160906","date":"20160906","siteId":"NBO","userId":"KT4871","clarifyDataSource":"CFY_BTTW","clarifyAccessCount":8,"clarifySiteAvgAccessCount":4,"clarifyUniqueAccessCount":8,"clarifySiteAvgUniqueAccessCount":4,"clarifySub1MinAccessCount":7,"clarify2To5MinAccessCount":1,"clarify5To10MinAccessCount":0,"telegenceDataSource":"TLG_BTTW","telegenceAccessCount":79,"telegenceSiteAvgAccessCount":32,"telegenceUniqueAccessCount":18,"telegenceSiteAvgUniqueAccessCount":0,"telegenceSub1MinAccessCount":1,"telegence2To5MinAccessCount":1,"telegence5To10MinAccessCount":2,"telegenceClarifyUniqueAccessCount":3,"telegenceClarifySiteAvgAccessCount":3,"anomalyProbability":0.003,"agentFirstName":null,"agentLastName":null,"agentEmail":null,"agentPhone":null,"agentManagerAttUserId":null,"agentManagerFirstName":null,"agentManagerLastName":null,"agentManagerEmail":null,"agentManagerPhone":null,"agentManagerManagerAttUserId":null,"agentStreet":null,"agentCity":null,"agentState":null,"agentZip":null,"agentCountryName":null,"agentCompany":null,"alertStatusType":"New","accountsAccessed":0,"countOfCTNAccessed":0,"accountsNotedBySuspectId":0,"percentageNotedBySuspectId":0.0,"averageNumberOfBAN":0,"averageNumberOfCTN":0,"alertDisposition":null,"mobility":"N","clarifyNoMemoCount":0,"telegenceNoMemoCount":1,"averageAccountAccessCount":43,"averageSiteAvgAccessCount":18},{"id":"KT4871_20160919","date":"20160919","siteId":"NBO","userId":"KT4871","clarifyDataSource":"NA","clarifyAccessCount":0,"clarifySiteAvgAccessCount":0,"clarifyUniqueAccessCount":0,"clarifySiteAvgUniqueAccessCount":0,"clarifySub1MinAccessCount":0,"clarify2To5MinAccessCount":0,"clarify5To10MinAccessCount":0,"telegenceDataSource":"TLG_BTTW","telegenceAccessCount":72,"telegenceSiteAvgAccessCount":27,"telegenceUniqueAccessCount":17,"telegenceSiteAvgUniqueAccessCount":0,"telegenceSub1MinAccessCount":3,"telegence2To5MinAccessCount":0,"telegence5To10MinAccessCount":3,"telegenceClarifyUniqueAccessCount":0,"telegenceClarifySiteAvgAccessCount":0,"anomalyProbability":0.002,"agentFirstName":null,"agentLastName":null,"agentEmail":null,"agentPhone":null,"agentManagerAttUserId":null,"agentManagerFirstName":null,"agentManagerLastName":null,"agentManagerEmail":null,"agentManagerPhone":null,"agentManagerManagerAttUserId":null,"agentStreet":null,"agentCity":null,"agentState":null,"agentZip":null,"agentCountryName":null,"agentCompany":null,"alertStatusType":"New","accountsAccessed":0,"countOfCTNAccessed":0,"accountsNotedBySuspectId":0,"percentageNotedBySuspectId":0.0,"averageNumberOfBAN":0,"averageNumberOfCTN":0,"alertDisposition":null,"mobility":"N","clarifyNoMemoCount":0,"telegenceNoMemoCount":4,"averageAccountAccessCount":36,"averageSiteAvgAccessCount":13},{"id":"KT4871_20160915","date":"20160915","siteId":"NBO","userId":"KT4871","clarifyDataSource":"CFY_BTTW","clarifyAccessCount":4,"clarifySiteAvgAccessCount":5,"clarifyUniqueAccessCount":4,"clarifySiteAvgUniqueAccessCount":4,"clarifySub1MinAccessCount":4,"clarify2To5MinAccessCount":0,"clarify5To10MinAccessCount":0,"telegenceDataSource":"TLG_BTTW","telegenceAccessCount":20,"telegenceSiteAvgAccessCount":10,"telegenceUniqueAccessCount":9,"telegenceSiteAvgUniqueAccessCount":0,"telegenceSub1MinAccessCount":1,"telegence2To5MinAccessCount":0,"telegence5To10MinAccessCount":0,"telegenceClarifyUniqueAccessCount":0,"telegenceClarifySiteAvgAccessCount":0,"anomalyProbability":0.0,"agentFirstName":null,"agentLastName":null,"agentEmail":null,"agentPhone":null,"agentManagerAttUserId":null,"agentManagerFirstName":null,"agentManagerLastName":null,"agentManagerEmail":null,"agentManagerPhone":null,"agentManagerManagerAttUserId":null,"agentStreet":null,"agentCity":null,"agentState":null,"agentZip":null,"agentCountryName":null,"agentCompany":null,"alertStatusType":"New","accountsAccessed":0,"countOfCTNAccessed":0,"accountsNotedBySuspectId":0,"percentageNotedBySuspectId":0.0,"averageNumberOfBAN":0,"averageNumberOfCTN":0,"alertDisposition":null,"mobility":"N","clarifyNoMemoCount":0,"telegenceNoMemoCount":1,"averageAccountAccessCount":12,"averageSiteAvgAccessCount":7}],"serviceResult":{"success":true,"errorMessage":null,"errorMessageTechnical":null},"size":0,"page":0,"totalPages":0,"totalRecords":0}