{"serviceResult":{"success":false,"errorMessage":"DataNotFound","errorMessageTechnical":null},"settingsHistoryPage":{"content":[{"id":"587cae150cf285d7d6820aac","tableName":"Disposition","tablePK":5,"eventType":"Update","change":"Not Fraud Agent failed to note OldValue : true   \t  NewValue : false","updatedBy":"sv898b","updatedDateTime":1484566037000},{"id":"587c99720cf285d7d6820a7b","tableName":"Disposition","tablePK":11,"eventType":"Create","change":"DispositionDescription OldValue :    \t  NewValue : Not Fraud Special Project for Test","updatedBy":null,"updatedDateTime":1484560754000},{"id":"587c98cc0cf285d7d6820a69","tableName":"Disposition","tablePK":6,"eventType":"Update","change":"Not Fraud for Test OldValue : false   \t  NewValue : true","updatedBy":"sv898b","updatedDateTime":1484560588000},{"id":"587c98b80cf285d7d6820a68","tableName":"Disposition","tablePK":5,"eventType":"Update","change":"Not Fraud Agent failed to note OldValue : false   \t  NewValue : true","updatedBy":"sv898b","updatedDateTime":1484560568000},{"id":"5874c7fe0cf22a88b799c38f","tableName":"Disposition","tablePK":9,"eventType":"Update","change":"DispositionDescription OldValue : Agent failed to note in Test   \t  NewValue : Agent Failed to Note for Testing","updatedBy":"sv898b","updatedDateTime":1484048382000},{"id":"5874c7490cf22a88b799c38e","tableName":"Disposition","tablePK":0,"eventType":"Create","change":"DispositionDescription OldValue :    \t  NewValue : Agent failed to Note in Test","updatedBy":null,"updatedDateTime":1484048201000},{"id":"5874c7270cf22a88b799c38d","tableName":"Disposition","tablePK":5,"eventType":"Update","change":"Not Fraud Agent failed to note OldValue : true   \t  NewValue : false","updatedBy":"sv898b","updatedDateTime":1484048167000},{"id":"5874bf6a0cf22a88b799c389","tableName":"Disposition","tablePK":10,"eventType":"Delete","change":"DispositionDescription OldValue : Test   \t  NewValue : ","updatedBy":"pd448v","updatedDateTime":1484046186000},{"id":"5874bf5e0cf22a88b799c388","tableName":"Disposition","tablePK":10,"eventType":"Update","change":"Test OldValue : false   \t  NewValue : true","updatedBy":"pd448v","updatedDateTime":1484046174000},{"id":"5874bf5a0cf22a88b799c387","tableName":"Disposition","tablePK":10,"eventType":"Update","change":"Test OldValue : true   \t  NewValue : false","updatedBy":"pd448v","updatedDateTime":1484046170000},{"id":"5874bf520cf22a88b799c386","tableName":"Disposition","tablePK":10,"eventType":"Create","change":"DispositionDescription OldValue :    \t  NewValue : Test","updatedBy":null,"updatedDateTime":1484046162000},{"id":"586f401c0cf271f13cb792e2","tableName":"Disposition","tablePK":5,"eventType":"Update","change":"Not Fraud Agent failed to note OldValue : false   \t  NewValue : true","updatedBy":"mc898b","updatedDateTime":1483685916000},{"id":"586f401b0cf271f13cb792e1","tableName":"Disposition","tablePK":6,"eventType":"Update","change":"Not Fraud for Test OldValue : true   \t  NewValue : false","updatedBy":"mc898b","updatedDateTime":1483685915000},{"id":"586f31500cf25f8a61c67c27","tableName":"Disposition","tablePK":0,"eventType":"Create","change":"DispositionDescription OldValue :    \t  NewValue : Not Fraud for Test","updatedBy":null,"updatedDateTime":1483682128000},{"id":"586f31490cf25f8a61c67c26","tableName":"Disposition","tablePK":6,"eventType":"Delete","change":"DispositionDescription OldValue : Not Fraud for Test   \t  NewValue : ","updatedBy":"rr248q","updatedDateTime":1483682121000},{"id":"586f30bc0cf25f8a61c67c25","tableName":"Disposition","tablePK":6,"eventType":"Update","change":"DispositionDescription OldValue : Not Fraud for Testing   \t  NewValue : Not Fraud for Test","updatedBy":"rr248q","updatedDateTime":1483681980000},{"id":"586e913b0cf25f8a61c67c21","tableName":"Disposition","tablePK":7,"eventType":"Update","change":"Unknown Fraud Test OldValue : false   \t  NewValue : true","updatedBy":"st681u","updatedDateTime":1483641147000},{"id":"586e91160cf25f8a61c67c20","tableName":"Disposition","tablePK":6,"eventType":"Update","change":"Not Fraud for Testing OldValue : false   \t  NewValue : true","updatedBy":"st681u","updatedDateTime":1483641110000},{"id":"586e91090cf25f8a61c67c1f","tableName":"Disposition","tablePK":7,"eventType":"Update","change":"Unknown Fraud Test OldValue : true   \t  NewValue : false","updatedBy":"st681u","updatedDateTime":1483641097000},{"id":"586e91070cf25f8a61c67c1e","tableName":"Disposition","tablePK":6,"eventType":"Update","change":"Not Fraud for Testing OldValue : true   \t  NewValue : false","updatedBy":"st681u","updatedDateTime":1483641095000},{"id":"586e91040cf25f8a61c67c1d","tableName":"Disposition","tablePK":7,"eventType":"Update","change":"Unknown Fraud Test OldValue : false   \t  NewValue : true","updatedBy":"st681u","updatedDateTime":1483641092000},{"id":"586e91020cf25f8a61c67c1c","tableName":"Disposition","tablePK":7,"eventType":"Update","change":"Unknown Fraud Test OldValue : true   \t  NewValue : false","updatedBy":"st681u","updatedDateTime":1483641090000},{"id":"586e90ff0cf25f8a61c67c1b","tableName":"Disposition","tablePK":6,"eventType":"Update","change":"Not Fraud for Testing OldValue : false   \t  NewValue : true","updatedBy":"st681u","updatedDateTime":1483641087000},{"id":"586e90fd0cf25f8a61c67c1a","tableName":"Disposition","tablePK":5,"eventType":"Update","change":"Not Fraud Agent failed to note OldValue : true   \t  NewValue : false","updatedBy":"st681u","updatedDateTime":1483641085000},{"id":"586e21610cf2e5922536f1f7","tableName":"Disposition","tablePK":6,"eventType":"Update","change":"Not Fraud for Testing OldValue : true   \t  NewValue : false","updatedBy":"sp248q","updatedDateTime":1483612513000}],"last":false,"totalPages":3,"totalElements":54,"size":25,"number":0,"sort":[{"direction":"DESC","property":"updatedDateTime","ignoreCase":false,"nullHandling":"NATIVE","ascending":false}],"first":true,"numberOfElements":25}}