{"serviceResult":null,"size":25,"page":0,"totalPages":1,"totalRecords":13,"dataList":[{"id":"JB745T_20160415","date":"20160415","siteId":"MKC-PRP","userId":"JB745T","clarifyDataSource":"CFY_BTTW","clarifyAccessCount":7,"clarifySiteAvgAccessCount":27,"clarifyUniqueAccessCount":7,"clarifySiteAvgUniqueAccessCount":22,"clarifySub1MinAccessCount":5,"clarify2To5MinAccessCount":2,"clarify5To10MinAccessCount":0,"telegenceDataSource":"TLG_BTTW","telegenceAccessCount":142,"telegenceSiteAvgAccessCount":44,"telegenceUniqueAccessCount":60,"telegenceSiteAvgUniqueAccessCount":29,"telegenceSub1MinAccessCount":14,"telegence2To5MinAccessCount":7,"telegence5To10MinAccessCount":18,"telegenceClarifyUniqueAccessCount":6,"telegenceClarifySiteAvgAccessCount":7,"anomalyProbability":0.109,"agentFirstName":"JOHN MARK","agentLastName":"BUAL","agentEmail":"jb745t@us.att.com","agentPhone":null,"agentManagerAttUserId":"av7858","agentManagerFirstName":"ALDO","agentManagerLastName":"VILLALOBOS","agentManagerEmail":null,"agentManagerPhone":null,"agentManagerManagerAttUserId":"kf1043","agentStreet":"7F GLORIETTA 5 BLDG AYALA AVE","agentCity":"MAKATI CITY","agentState":"PH","agentZip":null,"agentCountryName":"Philippines","agentCompany":null,"alertStatusType":"Closed","accountsAccessed":0,"countOfCTNAccessed":0,"accountsNotedBySuspectId":0,"percentageNotedBySuspectId":0.0,"averageNumberOfBAN":0,"averageNumberOfCTN":0,"alertDisposition":"Disposition Fraud Mining","alertCreatedDateTime":null,"alertDispositionDateTime":"02-06-2017,06:02:49","mobility":null,"clarifyNoMemoCount":0,"telegenceNoMemoCount":0,"dataScienceModelVersion":null,"telegenceId":null,"createdDateTime":null,"caseId":null,"averageAccountAccessCount":74,"averageSiteAvgAccessCount":35},{"id":"JB745T_20160418","date":"20160418","siteId":"MKC-PRP","userId":"JB745T","clarifyDataSource":"CFY_BTTW","clarifyAccessCount":10,"clarifySiteAvgAccessCount":26,"clarifyUniqueAccessCount":10,"clarifySiteAvgUniqueAccessCount":21,"clarifySub1MinAccessCount":8,"clarify2To5MinAccessCount":2,"clarify5To10MinAccessCount":0,"telegenceDataSource":"TLG_BTTW","telegenceAccessCount":105,"telegenceSiteAvgAccessCount":40,"telegenceUniqueAccessCount":29,"telegenceSiteAvgUniqueAccessCount":27,"telegenceSub1MinAccessCount":3,"telegence2To5MinAccessCount":1,"telegence5To10MinAccessCount":3,"telegenceClarifyUniqueAccessCount":3,"telegenceClarifySiteAvgAccessCount":7,"anomalyProbability":0.0,"agentFirstName":"JOHN MARK","agentLastName":"BUAL","agentEmail":"jb745t@us.att.com","agentPhone":null,"agentManagerAttUserId":"av7858","agentManagerFirstName":"ALDO","agentManagerLastName":"VILLALOBOS","agentManagerEmail":null,"agentManagerPhone":null,"agentManagerManagerAttUserId":"kf1043","agentStreet":"7F GLORIETTA 5 BLDG AYALA AVE","agentCity":"MAKATI CITY","agentState":"PH","agentZip":null,"agentCountryName":"Philippines","agentCompany":null,"alertStatusType":"Closed","accountsAccessed":0,"countOfCTNAccessed":0,"accountsNotedBySuspectId":0,"percentageNotedBySuspectId":0.0,"averageNumberOfBAN":0,"averageNumberOfCTN":0,"alertDisposition":"Disposition Fraud Mining","alertCreatedDateTime":null,"alertDispositionDateTime":"02-03-2017,04:20:35","mobility":null,"clarifyNoMemoCount":0,"telegenceNoMemoCount":0,"dataScienceModelVersion":null,"telegenceId":null,"createdDateTime":null,"caseId":null,"averageAccountAccessCount":57,"averageSiteAvgAccessCount":33},{"id":"JB745T_20160910","date":"20160910","siteId":"MAK-CHAT","userId":"JB745T","clarifyDataSource":"CFY_BTTW","clarifyAccessCount":1,"clarifySiteAvgAccessCount":5,"clarifyUniqueAccessCount":1,"clarifySiteAvgUniqueAccessCount":4,"clarifySub1MinAccessCount":1,"clarify2To5MinAccessCount":0,"clarify5To10MinAccessCount":0,"telegenceDataSource":"TLG_BTTW","telegenceAccessCount":59,"telegenceSiteAvgAccessCount":27,"telegenceUniqueAccessCount":19,"telegenceSiteAvgUniqueAccessCount":7,"telegenceSub1MinAccessCount":0,"telegence2To5MinAccessCount":0,"telegence5To10MinAccessCount":1,"telegenceClarifyUniqueAccessCount":0,"telegenceClarifySiteAvgAccessCount":0,"anomalyProbability":0.061,"agentFirstName":null,"agentLastName":null,"agentEmail":null,"agentPhone":null,"agentManagerAttUserId":null,"agentManagerFirstName":null,"agentManagerLastName":null,"agentManagerEmail":null,"agentManagerPhone":null,"agentManagerManagerAttUserId":null,"agentStreet":null,"agentCity":null,"agentState":null,"agentZip":null,"agentCountryName":null,"agentCompany":null,"alertStatusType":"New","accountsAccessed":0,"countOfCTNAccessed":0,"accountsNotedBySuspectId":0,"percentageNotedBySuspectId":0.0,"averageNumberOfBAN":0,"averageNumberOfCTN":0,"alertDisposition":null,"alertCreatedDateTime":null,"alertDispositionDateTime":null,"mobility":"Y","clarifyNoMemoCount":0,"telegenceNoMemoCount":5,"dataScienceModelVersion":null,"telegenceId":null,"createdDateTime":null,"caseId":null,"averageAccountAccessCount":30,"averageSiteAvgAccessCount":16},{"id":"JB745T_20160917","date":"20160917","siteId":"MAK-CHAT","userId":"JB745T","clarifyDataSource":"NA","clarifyAccessCount":0,"clarifySiteAvgAccessCount":0,"clarifyUniqueAccessCount":0,"clarifySiteAvgUniqueAccessCount":0,"clarifySub1MinAccessCount":0,"clarify2To5MinAccessCount":0,"clarify5To10MinAccessCount":0,"telegenceDataSource":"TLG_BTTW","telegenceAccessCount":137,"telegenceSiteAvgAccessCount":34,"telegenceUniqueAccessCount":35,"telegenceSiteAvgUniqueAccessCount":8,"telegenceSub1MinAccessCount":0,"telegence2To5MinAccessCount":0,"telegence5To10MinAccessCount":3,"telegenceClarifyUniqueAccessCount":0,"telegenceClarifySiteAvgAccessCount":0,"anomalyProbability":0.185,"agentFirstName":null,"agentLastName":null,"agentEmail":null,"agentPhone":null,"agentManagerAttUserId":null,"agentManagerFirstName":null,"agentManagerLastName":null,"agentManagerEmail":null,"agentManagerPhone":null,"agentManagerManagerAttUserId":null,"agentStreet":null,"agentCity":null,"agentState":null,"agentZip":null,"agentCountryName":null,"agentCompany":null,"alertStatusType":"New","accountsAccessed":0,"countOfCTNAccessed":0,"accountsNotedBySuspectId":0,"percentageNotedBySuspectId":0.0,"averageNumberOfBAN":0,"averageNumberOfCTN":0,"alertDisposition":null,"alertCreatedDateTime":null,"alertDispositionDateTime":null,"mobility":"Y","clarifyNoMemoCount":0,"telegenceNoMemoCount":15,"dataScienceModelVersion":null,"telegenceId":null,"createdDateTime":null},{"id":"JB745T_20160918","date":"20160918","siteId":"MAK-CHAT","userId":"JB745T","clarifyDataSource":"NA","clarifyAccessCount":0,"clarifySiteAvgAccessCount":0,"clarifyUniqueAccessCount":0,"clarifySiteAvgUniqueAccessCount":0,"clarifySub1MinAccessCount":0,"clarify2To5MinAccessCount":0,"clarify5To10MinAccessCount":0,"telegenceDataSource":"TLG_BTTW","telegenceAccessCount":135,"telegenceSiteAvgAccessCount":45,"telegenceUniqueAccessCount":30,"telegenceSiteAvgUniqueAccessCount":12,"telegenceSub1MinAccessCount":3,"telegence2To5MinAccessCount":1,"telegence5To10MinAccessCount":1,"telegenceClarifyUniqueAccessCount":0,"telegenceClarifySiteAvgAccessCount":0,"anomalyProbability":0.14,"agentFirstName":null,"agentLastName":null,"agentEmail":null,"agentPhone":null,"agentManagerAttUserId":null,"agentManagerFirstName":null,"agentManagerLastName":null,"agentManagerEmail":null,"agentManagerPhone":null,"agentManagerManagerAttUserId":null,"agentStreet":null,"agentCity":null,"agentState":null,"agentZip":null,"agentCountryName":null,"agentCompany":null,"alertStatusType":"New","accountsAccessed":0,"countOfCTNAccessed":0,"accountsNotedBySuspectId":0,"percentageNotedBySuspectId":0.0,"averageNumberOfBAN":0,"averageNumberOfCTN":0,"alertDisposition":null,"alertCreatedDateTime":null,"alertDispositionDateTime":null,"mobility":"Y","clarifyNoMemoCount":0,"telegenceNoMemoCount":10,"dataScienceModelVersion":null,"telegenceId":null,"createdDateTime":null},{"id":"JB745T_20160921","date":"20160921","siteId":"MAK-CHAT","userId":"JB745T","clarifyDataSource":"NA","clarifyAccessCount":0,"clarifySiteAvgAccessCount":0,"clarifyUniqueAccessCount":0,"clarifySiteAvgUniqueAccessCount":0,"clarifySub1MinAccessCount":0,"clarify2To5MinAccessCount":0,"clarify5To10MinAccessCount":0,"telegenceDataSource":"TLG_BTTW","telegenceAccessCount":57,"telegenceSiteAvgAccessCount":28,"telegenceUniqueAccessCount":23,"telegenceSiteAvgUniqueAccessCount":8,"telegenceSub1MinAccessCount":1,"telegence2To5MinAccessCount":1,"telegence5To10MinAccessCount":1,"telegenceClarifyUniqueAccessCount":0,"telegenceClarifySiteAvgAccessCount":0,"anomalyProbability":0.095,"agentFirstName":null,"agentLastName":null,"agentEmail":null,"agentPhone":null,"agentManagerAttUserId":null,"agentManagerFirstName":null,"agentManagerLastName":null,"agentManagerEmail":null,"agentManagerPhone":null,"agentManagerManagerAttUserId":null,"agentStreet":null,"agentCity":null,"agentState":null,"agentZip":null,"agentCountryName":null,"agentCompany":null,"alertStatusType":"New","accountsAccessed":0,"countOfCTNAccessed":0,"accountsNotedBySuspectId":0,"percentageNotedBySuspectId":0.0,"averageNumberOfBAN":0,"averageNumberOfCTN":0,"alertDisposition":null,"alertCreatedDateTime":null,"alertDispositionDateTime":null,"mobility":"Y","clarifyNoMemoCount":0,"telegenceNoMemoCount":8,"dataScienceModelVersion":null,"telegenceId":null,"createdDateTime":null,"caseId":null,"averageAccountAccessCount":28,"averageSiteAvgAccessCount":14},{"id":"JB745T_20160922","date":"20160922","siteId":"MAK-CHAT","userId":"JB745T","clarifyDataSource":"NA","clarifyAccessCount":0,"clarifySiteAvgAccessCount":0,"clarifyUniqueAccessCount":0,"clarifySiteAvgUniqueAccessCount":0,"clarifySub1MinAccessCount":0,"clarify2To5MinAccessCount":0,"clarify5To10MinAccessCount":0,"telegenceDataSource":"TLG_BTTW","telegenceAccessCount":22,"telegenceSiteAvgAccessCount":26,"telegenceUniqueAccessCount":5,"telegenceSiteAvgUniqueAccessCount":9,"telegenceSub1MinAccessCount":1,"telegence2To5MinAccessCount":1,"telegence5To10MinAccessCount":0,"telegenceClarifyUniqueAccessCount":0,"telegenceClarifySiteAvgAccessCount":0,"anomalyProbability":0.0,"agentFirstName":null,"agentLastName":null,"agentEmail":null,"agentPhone":null,"agentManagerAttUserId":null,"agentManagerFirstName":null,"agentManagerLastName":null,"agentManagerEmail":null,"agentManagerPhone":null,"agentManagerManagerAttUserId":null,"agentStreet":null,"agentCity":null,"agentState":null,"agentZip":null,"agentCountryName":null,"agentCompany":null,"alertStatusType":"Closed","accountsAccessed":0,"countOfCTNAccessed":0,"accountsNotedBySuspectId":0,"percentageNotedBySuspectId":0.0,"averageNumberOfBAN":0,"averageNumberOfCTN":0,"alertDisposition":"Disposition Fraud Mining","alertCreatedDateTime":null,"alertDispositionDateTime":"02-03-2017,02:43:00","mobility":"Y","clarifyNoMemoCount":0,"telegenceNoMemoCount":1,"dataScienceModelVersion":null,"telegenceId":null,"createdDateTime":null,"caseId":null,"averageAccountAccessCount":11,"averageSiteAvgAccessCount":13},{"id":"JB745T_20160925","date":"20160925","siteId":"MAK-CHAT","userId":"JB745T","clarifyDataSource":"NA","clarifyAccessCount":0,"clarifySiteAvgAccessCount":0,"clarifyUniqueAccessCount":0,"clarifySiteAvgUniqueAccessCount":0,"clarifySub1MinAccessCount":0,"clarify2To5MinAccessCount":0,"clarify5To10MinAccessCount":0,"telegenceDataSource":"TLG_BTTW","telegenceAccessCount":114,"telegenceSiteAvgAccessCount":62,"telegenceUniqueAccessCount":34,"telegenceSiteAvgUniqueAccessCount":13,"telegenceSub1MinAccessCount":2,"telegence2To5MinAccessCount":2,"telegence5To10MinAccessCount":1,"telegenceClarifyUniqueAccessCount":0,"telegenceClarifySiteAvgAccessCount":0,"anomalyProbability":0.142,"agentFirstName":null,"agentLastName":null,"agentEmail":null,"agentPhone":null,"agentManagerAttUserId":null,"agentManagerFirstName":null,"agentManagerLastName":null,"agentManagerEmail":null,"agentManagerPhone":null,"agentManagerManagerAttUserId":null,"agentStreet":null,"agentCity":null,"agentState":null,"agentZip":null,"agentCountryName":null,"agentCompany":null,"alertStatusType":"Closed","accountsAccessed":0,"countOfCTNAccessed":0,"accountsNotedBySuspectId":0,"percentageNotedBySuspectId":0.0,"averageNumberOfBAN":0,"averageNumberOfCTN":0,"alertDisposition":"Disposition Fraud Mining","alertCreatedDateTime":null,"alertDispositionDateTime":"02-03-2017,01:25:13","mobility":"Y","clarifyNoMemoCount":0,"telegenceNoMemoCount":9,"dataScienceModelVersion":null,"telegenceId":null,"createdDateTime":null,"caseId":null,"averageAccountAccessCount":57,"averageSiteAvgAccessCount":31},{"id":"JB745T_20161016","date":"20161016","siteId":"MAK-CHAT","userId":"JB745T","clarifyDataSource":"CFY_BTTW","clarifyAccessCount":2,"clarifySiteAvgAccessCount":4,"clarifyUniqueAccessCount":1,"clarifySiteAvgUniqueAccessCount":4,"clarifySub1MinAccessCount":1,"clarify2To5MinAccessCount":0,"clarify5To10MinAccessCount":0,"telegenceDataSource":"TLG_BTTW","telegenceAccessCount":248,"telegenceSiteAvgAccessCount":87,"telegenceUniqueAccessCount":70,"telegenceSiteAvgUniqueAccessCount":22,"telegenceSub1MinAccessCount":0,"telegence2To5MinAccessCount":0,"telegence5To10MinAccessCount":0,"telegenceClarifyUniqueAccessCount":0,"telegenceClarifySiteAvgAccessCount":0,"anomalyProbability":0.515,"agentFirstName":"JOHN MARK","agentLastName":"BUAL","agentEmail":"jb745t@us.att.com","agentPhone":null,"agentManagerAttUserId":"av7858","agentManagerFirstName":"ALDO","agentManagerLastName":"VILLALOBOS","agentManagerEmail":null,"agentManagerPhone":null,"agentManagerManagerAttUserId":"kf1043","agentStreet":"7F GLORIETTA 5 BLDG AYALA AVE","agentCity":"MAKATI CITY","agentState":"PH","agentZip":null,"agentCountryName":"Philippines","agentCompany":null,"alertStatusType":"Closed","accountsAccessed":0,"countOfCTNAccessed":0,"accountsNotedBySuspectId":0,"percentageNotedBySuspectId":0.0,"averageNumberOfBAN":0,"averageNumberOfCTN":0,"alertDisposition":"Auto Close","alertCreatedDateTime":null,"alertDispositionDateTime":"01-23-2017,07:02:09","mobility":"Y","clarifyNoMemoCount":0,"telegenceNoMemoCount":35,"dataScienceModelVersion":null,"telegenceId":null,"createdDateTime":null,"caseId":null,"averageAccountAccessCount":125,"averageSiteAvgAccessCount":45},{"id":"JB745T_20161031","date":"20161031","siteId":"MAK-CHAT","userId":"JB745T","clarifyDataSource":"CFY_BTTW","clarifyAccessCount":7,"clarifySiteAvgAccessCount":16,"clarifyUniqueAccessCount":7,"clarifySiteAvgUniqueAccessCount":13,"clarifySub1MinAccessCount":7,"clarify2To5MinAccessCount":0,"clarify5To10MinAccessCount":0,"telegenceDataSource":"TLG_BTTW","telegenceAccessCount":144,"telegenceSiteAvgAccessCount":40,"telegenceUniqueAccessCount":46,"telegenceSiteAvgUniqueAccessCount":12,"telegenceSub1MinAccessCount":0,"telegence2To5MinAccessCount":0,"telegence5To10MinAccessCount":1,"telegenceClarifyUniqueAccessCount":1,"telegenceClarifySiteAvgAccessCount":1,"anomalyProbability":0.295,"agentFirstName":"JOHN MARK","agentLastName":"BUAL","agentEmail":"jb745t@us.att.com","agentPhone":null,"agentManagerAttUserId":"av7858","agentManagerFirstName":"ALDO","agentManagerLastName":"VILLALOBOS","agentManagerEmail":null,"agentManagerPhone":null,"agentManagerManagerAttUserId":"kf1043","agentStreet":"7F GLORIETTA 5 BLDG AYALA AVE","agentCity":"MAKATI CITY","agentState":"PH","agentZip":null,"agentCountryName":"Philippines","agentCompany":null,"alertStatusType":"New","accountsAccessed":0,"countOfCTNAccessed":0,"accountsNotedBySuspectId":0,"percentageNotedBySuspectId":0.0,"averageNumberOfBAN":0,"averageNumberOfCTN":0,"alertDisposition":null,"alertCreatedDateTime":null,"alertDispositionDateTime":null,"mobility":"Y","clarifyNoMemoCount":0,"telegenceNoMemoCount":21,"dataScienceModelVersion":null,"telegenceId":null,"createdDateTime":null,"caseId":null,"averageAccountAccessCount":75,"averageSiteAvgAccessCount":28},{"id":"JB745T_20161101","date":"20161101","siteId":"MAK-CHAT","userId":"JB745T","clarifyDataSource":"CFY_BTTW","clarifyAccessCount":1,"clarifySiteAvgAccessCount":21,"clarifyUniqueAccessCount":1,"clarifySiteAvgUniqueAccessCount":17,"clarifySub1MinAccessCount":1,"clarify2To5MinAccessCount":0,"clarify5To10MinAccessCount":0,"telegenceDataSource":"TLG_BTTW","telegenceAccessCount":21,"telegenceSiteAvgAccessCount":31,"telegenceUniqueAccessCount":10,"telegenceSiteAvgUniqueAccessCount":10,"telegenceSub1MinAccessCount":2,"telegence2To5MinAccessCount":0,"telegence5To10MinAccessCount":2,"telegenceClarifyUniqueAccessCount":0,"telegenceClarifySiteAvgAccessCount":0,"anomalyProbability":0.024,"agentFirstName":"JOHN MARK","agentLastName":"BUAL","agentEmail":"jb745t@us.att.com","agentPhone":null,"agentManagerAttUserId":"av7858","agentManagerFirstName":"ALDO","agentManagerLastName":"VILLALOBOS","agentManagerEmail":null,"agentManagerPhone":null,"agentManagerManagerAttUserId":"kf1043","agentStreet":"7F GLORIETTA 5 BLDG AYALA AVE","agentCity":"MAKATI CITY","agentState":"PH","agentZip":null,"agentCountryName":"Philippines","agentCompany":null,"alertStatusType":"Closed","accountsAccessed":0,"countOfCTNAccessed":0,"accountsNotedBySuspectId":0,"percentageNotedBySuspectId":0.0,"averageNumberOfBAN":0,"averageNumberOfCTN":0,"alertDisposition":"Fraud Compromised Credentials","alertCreatedDateTime":null,"alertDispositionDateTime":"01-24-2017,04:34:50","mobility":"Y","clarifyNoMemoCount":0,"telegenceNoMemoCount":3,"dataScienceModelVersion":null,"telegenceId":null,"createdDateTime":null,"caseId":null,"averageAccountAccessCount":11,"averageSiteAvgAccessCount":26},{"id":"JB745T_20161106","date":"20161106","siteId":"MAK-CHAT","userId":"JB745T","clarifyDataSource":"NA","clarifyAccessCount":0,"clarifySiteAvgAccessCount":0,"clarifyUniqueAccessCount":0,"clarifySiteAvgUniqueAccessCount":0,"clarifySub1MinAccessCount":0,"clarify2To5MinAccessCount":0,"clarify5To10MinAccessCount":0,"telegenceDataSource":"TLG_BTTW","telegenceAccessCount":120,"telegenceSiteAvgAccessCount":85,"telegenceUniqueAccessCount":31,"telegenceSiteAvgUniqueAccessCount":22,"telegenceSub1MinAccessCount":3,"telegence2To5MinAccessCount":3,"telegence5To10MinAccessCount":0,"telegenceClarifyUniqueAccessCount":0,"telegenceClarifySiteAvgAccessCount":0,"anomalyProbability":0.256,"agentFirstName":"JOHN MARK","agentLastName":"BUAL","agentEmail":"jb745t@us.att.com","agentPhone":null,"agentManagerAttUserId":"av7858","agentManagerFirstName":"ALDO","agentManagerLastName":"VILLALOBOS","agentManagerEmail":null,"agentManagerPhone":null,"agentManagerManagerAttUserId":"kf1043","agentStreet":"7F GLORIETTA 5 BLDG AYALA AVE","agentCity":"MAKATI CITY","agentState":"PH","agentZip":null,"agentCountryName":"Philippines","agentCompany":null,"alertStatusType":"New","accountsAccessed":0,"countOfCTNAccessed":0,"accountsNotedBySuspectId":0,"percentageNotedBySuspectId":0.0,"averageNumberOfBAN":0,"averageNumberOfCTN":0,"alertDisposition":null,"alertCreatedDateTime":null,"alertDispositionDateTime":null,"mobility":"Y","clarifyNoMemoCount":0,"telegenceNoMemoCount":19,"dataScienceModelVersion":null,"telegenceId":null,"createdDateTime":null,"caseId":null,"averageAccountAccessCount":60,"averageSiteAvgAccessCount":42},{"id":"JB745T_20161113","date":"20161113","siteId":"MAK-CHAT","userId":"JB745T","clarifyDataSource":"CFY_BTTW","clarifyAccessCount":3,"clarifySiteAvgAccessCount":25,"clarifyUniqueAccessCount":3,"clarifySiteAvgUniqueAccessCount":20,"clarifySub1MinAccessCount":2,"clarify2To5MinAccessCount":1,"clarify5To10MinAccessCount":0,"telegenceDataSource":"TLG_BTTW","telegenceAccessCount":89,"telegenceSiteAvgAccessCount":99,"telegenceUniqueAccessCount":18,"telegenceSiteAvgUniqueAccessCount":23,"telegenceSub1MinAccessCount":14,"telegence2To5MinAccessCount":3,"telegence5To10MinAccessCount":0,"telegenceClarifyUniqueAccessCount":0,"telegenceClarifySiteAvgAccessCount":0,"anomalyProbability":0.082,"agentFirstName":"JOHN MARK","agentLastName":"BUAL","agentEmail":"jb745t@us.att.com","agentPhone":null,"agentManagerAttUserId":"av7858","agentManagerFirstName":"ALDO","agentManagerLastName":"VILLALOBOS","agentManagerEmail":"av7858@us.att.com","agentManagerPhone":"+1 7146979264","agentManagerManagerAttUserId":"kf1043","agentStreet":"7F GLORIETTA 5 BLDG AYALA AVE","agentCity":"MAKATI CITY","agentState":"PH","agentZip":null,"agentCountryName":"Philippines","agentCompany":"CONVERGYS CUSTOMER MANAGEMENT GROUP INC.","alertStatusType":"New","accountsAccessed":0,"countOfCTNAccessed":0,"accountsNotedBySuspectId":0,"percentageNotedBySuspectId":0.0,"averageNumberOfBAN":0,"averageNumberOfCTN":0,"alertDisposition":null,"alertCreatedDateTime":null,"alertDispositionDateTime":null,"mobility":"Y","clarifyNoMemoCount":0,"telegenceNoMemoCount":5,"dataScienceModelVersion":"v3","telegenceId":"200003002","createdDateTime":1484005551914}],"caseId":"1009","investigatorId":"st681u","suspectId":"JB745T","suspectFirstName":"JOHN MARK","suspectLastName":"BUAL","caseDisposition":null,"caseStatusType":{"name":"InProgress","value":"P"},"lastUpdateDateTime":"02-06-2017,06:02:49","createdDateTime":"01-12-2017,07:01:06","company":null,"locationId":"MAK-CHAT","location":{"address":"7F GLORIETTA 5 BLDG AYALA AVE","country":"Philippines","city":"MAKATI CITY","state":"PH"}}