{
"serviceResult":{
"success":true,
"errorMessage":null,
"errorMessageTechnical":null
},
"caseHistoryList":[
{
"id":"57cfe9410cf2b003de7d4b45",
"caseNumber":"1490",
"caseCreatedTime":1471224770437,
"caseUpdatedTime":1473243457000,
"updatedUser":"su248q",
"status":{
"name":"InProgress",
"value":"P"
},
"eventType":"VISITED",
"change":null
},
{
"id":"57cfe9350cf2b003de7d4b44",
"caseNumber":"1490",
"caseCreatedTime":1471224770437,
"caseUpdatedTime":1473243445000,
"updatedUser":"su248q",
"status":{
"name":"InProgress",
"value":"P"
},
"eventType":"VISITED",
"change":null
},
{
"id":"57cfe9240cf2b003de7d4b43",
"caseNumber":"1490",
"caseCreatedTime":1471224770437,
"caseUpdatedTime":1473243428000,
"updatedUser":"su248q",
"status":{
"name":"InProgress",
"value":"P"
},
"eventType":"VISITED",
"change":null
},
{
"id":"57cfe9230cf2b003de7d4b42",
"caseNumber":"1490",
"caseCreatedTime":1471224770437,
"caseUpdatedTime":1473243427000,
"updatedUser":"su248q",
"status":{
"name":"InProgress",
"value":"P"
},
"eventType":"STATUS_CHANGE",
"change":"STATUS OldValue : Closed \t NewValue : InProgress|CASE OWNER OldValue : su248q \t NewValue : su248q"
},
{
"id":"57cfe91e0cf2b003de7d4b41",
"caseNumber":"1490",
"caseCreatedTime":1471224770437,
"caseUpdatedTime":1473243422000,
"updatedUser":"su248q",
"status":{
"name":"Closed",
"value":"C"
},
"eventType":"VISITED",
"change":null
},
{
"id":"57cfe9080cf2b003de7d4b40",
"caseNumber":"1490",
"caseCreatedTime":1471224770437,
"caseUpdatedTime":1473243400000,
"updatedUser":"su248q",
"status":{
"name":"Closed",
"value":"C"
},
"eventType":"STATUS_CHANGE",
"change":"STATUS OldValue : InProgress \t NewValue : Closed|DISPOSITION OldValue : null \t NewValue : Fraud Mining|CASE OWNER OldValue : su248q \t NewValue : su248q"
},
{
"id":"57cfe9000cf2b003de7d4b3f",
"caseNumber":"1490",
"caseCreatedTime":1471224770437,
"caseUpdatedTime":1473243392000,
"updatedUser":"su248q",
"status":{
"name":"InProgress",
"value":"P"
},
"eventType":"VISITED",
"change":null
},
{
"id":"57cfe8ff0cf2b003de7d4b3e",
"caseNumber":"1490",
"caseCreatedTime":1471224770437,
"caseUpdatedTime":1473243391000,
"updatedUser":"su248q",
"status":{
"name":"InProgress",
"value":"P"
},
"eventType":"STATUS_CHANGE",
"change":"STATUS OldValue : Closed \t NewValue : InProgress|CASE OWNER OldValue : su248q \t NewValue : su248q"
},
{
"id":"57cfe8fb0cf2b003de7d4b3d",
"caseNumber":"1490",
"caseCreatedTime":1471224770437,
"caseUpdatedTime":1473243387000,
"updatedUser":"su248q",
"status":{
"name":"Closed",
"value":"C"
},
"eventType":"VISITED",
"change":null
},
{
"id":"57cfe8f50cf2b003de7d4b3c",
"caseNumber":"1490",
"caseCreatedTime":1471224770437,
"caseUpdatedTime":1473243381000,
"updatedUser":"su248q",
"status":{
"name":"Closed",
"value":"C"
},
"eventType":"STATUS_CHANGE",
"change":"STATUS OldValue : Closed \t NewValue : Closed|DISPOSITION OldValue : Fraud Mining \t NewValue : null|CASE OWNER OldValue : su248q \t NewValue : su248q"
},
{
"id":"57cfe8f20cf2b003de7d4b3b",
"caseNumber":"1490",
"caseCreatedTime":1471224770437,
"caseUpdatedTime":1473243378000,
"updatedUser":"su248q",
"status":{
"name":"Closed",
"value":"C"
},
"eventType":"VISITED",
"change":null
},
{
"id":"57cfe8f10cf2b003de7d4b3a",
"caseNumber":"1490",
"caseCreatedTime":1471224770437,
"caseUpdatedTime":1473243377000,
"updatedUser":"su248q",
"status":{
"name":"Closed",
"value":"C"
},
"eventType":"STATUS_CHANGE",
"change":"STATUS OldValue : InProgress \t NewValue : Closed|CASE OWNER OldValue : su248q \t NewValue : su248q"
},
{
"id":"57cfe8ec0cf2b003de7d4b39",
"caseNumber":"1490",
"caseCreatedTime":1471224770437,
"caseUpdatedTime":1473243372000,
"updatedUser":"su248q",
"status":{
"name":"InProgress",
"value":"P"
},
"eventType":"VISITED",
"change":null
},
{
"id":"57cfe8e90cf2b003de7d4b38",
"caseNumber":"1490",
"caseCreatedTime":1471224770437,
"caseUpdatedTime":1473243369000,
"updatedUser":"su248q",
"status":{
"name":"InProgress",
"value":"P"
},
"eventType":"STATUS_CHANGE",
"change":"STATUS OldValue : Closed \t NewValue : InProgress|CASE OWNER OldValue : su248q \t NewValue : su248q"
},
{
"id":"57cfe8e70cf2b003de7d4b37",
"caseNumber":"1490",
"caseCreatedTime":1471224770437,
"caseUpdatedTime":1473243367000,
"updatedUser":"su248q",
"status":{
"name":"Closed",
"value":"C"
},
"eventType":"VISITED",
"change":null
},
{
"id":"57cfe8d90cf2b003de7d4b36",
"caseNumber":"1490",
"caseCreatedTime":1471224770437,
"caseUpdatedTime":1473243353000,
"updatedUser":"su248q",
"status":{
"name":"Closed",
"value":"C"
},
"eventType":"VISITED",
"change":null
},
{
"id":"57cfe8d80cf2b003de7d4b35",
"caseNumber":"1490",
"caseCreatedTime":1471224770437,
"caseUpdatedTime":1473243352000,
"updatedUser":"su248q",
"status":{
"name":"Closed",
"value":"C"
},
"eventType":"STATUS_CHANGE",
"change":"STATUS OldValue : Open \t NewValue : Closed|CASE OWNER OldValue : pd448v \t NewValue : su248q"
},
{
"id":"57cfe8b10cf2b003de7d4b34",
"caseNumber":"1490",
"caseCreatedTime":1471224770437,
"caseUpdatedTime":1473243313000,
"updatedUser":"su248q",
"status":{
"name":"Open",
"value":"O"
},
"eventType":"VISITED",
"change":null
},
{
"id":"57cfe8ab0cf2b003de7d4b33",
"caseNumber":"1490",
"caseCreatedTime":1471224770437,
"caseUpdatedTime":1473243307000,
"updatedUser":"sp248q",
"status":{
"name":"Open",
"value":"O"
},
"eventType":"VISITED",
"change":null
},
{
"id":"57cfe8a90cf2b003de7d4b32",
"caseNumber":"1490",
"caseCreatedTime":1471224770437,
"caseUpdatedTime":1473243305000,
"updatedUser":"su248q",
"status":{
"name":"Open",
"value":"O"
},
"eventType":"VISITED",
"change":null
},
{
"id":"57cfe89e0cf2b003de7d4b30",
"caseNumber":"1490",
"caseCreatedTime":1471224770437,
"caseUpdatedTime":1473243294000,
"updatedUser":"rr248q",
"status":{
"name":"Open",
"value":"O"
},
"eventType":"VISITED",
"change":null
},
{
"id":"57bd604e0cf212012090e41a",
"caseNumber":"1490",
"caseCreatedTime":1471224770437,
"caseUpdatedTime":1472028750000,
"updatedUser":"pd448v",
"status":{
"name":"Closed",
"value":"C"
},
"eventType":"STATUS_CHANGE",
"change":"STATUS OldValue : InProgress \t NewValue : Closed|DISPOSITION OldValue : null \t NewValue : Fraud Mining|CASE OWNER OldValue : pd448v \t NewValue : pd448v"
},
{
"id":"57bade5f0cf2b39ae0c3d17b",
"caseNumber":"1490",
"caseCreatedTime":1471224770437,
"caseUpdatedTime":1471864415000,
"updatedUser":"pd448v",
"status":{
"name":"InProgress",
"value":"P"
},
"eventType":"VISITED",
"change":null
},
{
"id":"57b44cea0cf2e5f5fce4ef50",
"caseNumber":"1490",
"caseCreatedTime":1471224770437,
"caseUpdatedTime":1471433962000,
"updatedUser":"rx448v",
"status":{
"name":"InProgress",
"value":"P"
},
"eventType":"VISITED",
"change":null
},
{
"id":"57b44b5c0cf2e5f5fce4ef37",
"caseNumber":"1490",
"caseCreatedTime":1471224770437,
"caseUpdatedTime":1471433564000,
"updatedUser":"rx448v",
"status":{
"name":"InProgress",
"value":"P"
},
"eventType":"VISITED",
"change":null
},
{
"id":"57b445aa0cf2e5f5fce4ef21",
"caseNumber":"1490",
"caseCreatedTime":1471224770437,
"caseUpdatedTime":1471432106000,
"updatedUser":"rx448v",
"status":{
"name":"InProgress",
"value":"P"
},
"eventType":"STATUS_CHANGE",
"change":"FIELD : STATUS| OldValue : New \t NewValue : InProgress|FIELD : CASE OWNER| OldValue : null \t NewValue : rx448v"
},
{
"id":"57b445a50cf2e5f5fce4ef20",
"caseNumber":"1490",
"caseCreatedTime":1471224770437,
"caseUpdatedTime":1471432101000,
"updatedUser":"rx448v",
"status":{
"name":"New",
"value":"N"
},
"eventType":"VISITED",
"change":null
}
],
"visited":0
}