
{
"message": null,
"alertvalue": null,
"lastUpdateDateTime": null,
"value": null,
"dataList": [
{
"id": "AG483M_20160416",
"date": "20160416",
"siteId": "DAL-FRAUD",
"userId": "AG483M",
"clarifyDataSource": "CFY_BTTW",
"clarifyAccessCount": 2,
"clarifySiteAvgAccessCount": 3,
"clarifyUniqueAccessCount": 2,
"clarifySiteAvgUniqueAccessCount": 3,
"clarifySub1MinAccessCount": 2,
"clarify2To5MinAccessCount": 0,
"clarify5To10MinAccessCount": 0,
"telegenceDataSource": "TLG_BTTW",
"telegenceAccessCount": 1470,
"telegenceSiteAvgAccessCount": 539,
"telegenceUniqueAccessCount": 1354,
"telegenceSiteAvgUniqueAccessCount": 0,
"telegenceSub1MinAccessCount": 1301,
"telegence2To5MinAccessCount": 9,
"telegence5To10MinAccessCount": 12,
"telegenceClarifyUniqueAccessCount": 2,
"telegenceClarifySiteAvgAccessCount": 1,
"anomalyProbability": 0.99,
"agentFirstName": "ARGELIA",
"agentLastName": "GHANDI",
"agentEmail": "ag483m@us.att.com",
"agentPhone": null,
"agentManagerAttUserId": "mr244j",
"agentManagerFirstName": "MYRON",
"agentManagerLastName": "RICE",
"agentManagerEmail": null,
"agentManagerPhone": null,
"agentManagerManagerAttUserId": "rb3328",
"agentStreet": "1801 VALLEY VIEW LN",
"agentCity": "FARMERS BRANCH",
"agentState": "TX",
"agentZip": null,
"agentCountryName": "United States",
"agentCompany": null,
"alertStatusType": "New",
"accountsAccessed": 0,
"countOfCTNAccessed": 0,
"accountsNotedBySuspectId": 0,
"percentageNotedBySuspectId": 0,
"averageNumberOfBAN": 0,
"averageNumberOfCTN": 0,
"alertDisposition": null,
"mobility": null,
"averageAccountAccessCount": 736,
"averageSiteAvgAccessCount": 271
},
{
"id": "AG483M_20160513",
"date": "20160513",
"siteId": "DAL-FRAUD",
"userId": "AG483M",
"clarifyDataSource": "CFY_BTTW",
"clarifyAccessCount": 1,
"clarifySiteAvgAccessCount": 2,
"clarifyUniqueAccessCount": 1,
"clarifySiteAvgUniqueAccessCount": 2,
"clarifySub1MinAccessCount": 1,
"clarify2To5MinAccessCount": 0,
"clarify5To10MinAccessCount": 0,
"telegenceDataSource": "TLG_BTTW",
"telegenceAccessCount": 490,
"telegenceSiteAvgAccessCount": 278,
"telegenceUniqueAccessCount": 342,
"telegenceSiteAvgUniqueAccessCount": 0,
"telegenceSub1MinAccessCount": 307,
"telegence2To5MinAccessCount": 2,
"telegence5To10MinAccessCount": 6,
"telegenceClarifyUniqueAccessCount": 1,
"telegenceClarifySiteAvgAccessCount": 0,
"anomalyProbability": 0.298,
"agentFirstName": "ARGELIA",
"agentLastName": "GHANDI",
"agentEmail": "ag483m@us.att.com",
"agentPhone": null,
"agentManagerAttUserId": "mr244j",
"agentManagerFirstName": "MYRON",
"agentManagerLastName": "RICE",
"agentManagerEmail": null,
"agentManagerPhone": null,
"agentManagerManagerAttUserId": "rb3328",
"agentStreet": "1801 VALLEY VIEW LN",
"agentCity": "FARMERS BRANCH",
"agentState": "TX",
"agentZip": null,
"agentCountryName": "United States",
"agentCompany": null,
"alertStatusType": "New",
"accountsAccessed": 0,
"countOfCTNAccessed": 0,
"accountsNotedBySuspectId": 0,
"percentageNotedBySuspectId": 0,
"averageNumberOfBAN": 0,
"averageNumberOfCTN": 0,
"alertDisposition": null,
"mobility": null,
"averageAccountAccessCount": 245,
"averageSiteAvgAccessCount": 140
}
],
"serviceResult": {
"success": true,
"errorMessage": null,
"errorMessageTechnical": null
  }
}