{
	"summaryUIDataList": [{
		"id": "JS959S_20160415",
		"date": "20160415",
		"siteId": "MSF-RM",
		"userId": "JS959S",
		"clarifyDataSource": "CFY_BTTW",
		"clarifyAccessCount": 96,
		"clarifySiteAvgAccessCount": 50,
		"clarifyUniqueAccessCount": 90,
		"clarifySiteAvgUniqueAccessCount": 40,
		"clarifySub1MinAccessCount": 6,
		"clarify2To5MinAccessCount": 6,
		"clarify5To10MinAccessCount": 38,
		"telegenceDataSource": "TLG_BTTW",
		"telegenceAccessCount": 221,
		"telegenceSiteAvgAccessCount": 84,
		"telegenceUniqueAccessCount": 92,
		"telegenceSiteAvgUniqueAccessCount": 35,
		"telegenceSub1MinAccessCount": 2,
		"telegence2To5MinAccessCount": 10,
		"telegence5To10MinAccessCount": 40,
		"telegenceClarifyUniqueAccessCount": 88,
		"telegenceClarifySiteAvgAccessCount": 25,
		"anomalyProbability": 0.728,
		"agentFirstName": "JAMIE",
		"agentLastName": "FLETCHER",
		"agentEmail": "jamie.fletcher@startek.com",
		"agentPhone": null,
		"agentManagerAttUserId": "jh3877",
		"agentManagerFirstName": "JAY",
		"agentManagerLastName": "HERNANDEZ",
		"agentManagerEmail": null,
		"agentManagerPhone": null,
		"agentManagerManagerAttUserId": "tn9873",
		"agentStreet": "860 WEST 4TH STREET",
		"agentCity": "MANSFIELD",
		"agentState": "OH",
		"agentZip": null,
		"agentCountryName": "United States",
		"agentCompany": null,
		"alertStatusType": "New",
		"accountsAccessed": 0,
		"countOfCTNAccessed": 0,
		"accountsNotedBySuspectId": 0,
		"percentageNotedBySuspectId": 0,
		"averageNumberOfBAN": 0,
		"averageNumberOfCTN": 0,
		"alertDisposition": null,
		"averageAccountAccessCount": 158,
		"averageSiteAvgAccessCount": 67
	}, {
		"id": "JS959S_20160416",
		"date": "20160416",
		"siteId": "MSF-RM",
		"userId": "JS959S",
		"clarifyDataSource": "CFY_BTTW",
		"clarifyAccessCount": 47,
		"clarifySiteAvgAccessCount": 34,
		"clarifyUniqueAccessCount": 36,
		"clarifySiteAvgUniqueAccessCount": 28,
		"clarifySub1MinAccessCount": 35,
		"clarify2To5MinAccessCount": 0,
		"clarify5To10MinAccessCount": 0,
		"telegenceDataSource": "TLG_BTTW",
		"telegenceAccessCount": 72,
		"telegenceSiteAvgAccessCount": 74,
		"telegenceUniqueAccessCount": 36,
		"telegenceSiteAvgUniqueAccessCount": 31,
		"telegenceSub1MinAccessCount": 35,
		"telegence2To5MinAccessCount": 0,
		"telegence5To10MinAccessCount": 0,
		"telegenceClarifyUniqueAccessCount": 36,
		"telegenceClarifySiteAvgAccessCount": 17,
		"anomalyProbability": 0.258,
		"agentFirstName": "JAMIE",
		"agentLastName": "FLETCHER",
		"agentEmail": "jamie.fletcher@startek.com",
		"agentPhone": null,
		"agentManagerAttUserId": "jh3877",
		"agentManagerFirstName": "JAY",
		"agentManagerLastName": "HERNANDEZ",
		"agentManagerEmail": null,
		"agentManagerPhone": null,
		"agentManagerManagerAttUserId": "tn9873",
		"agentStreet": "860 WEST 4TH STREET",
		"agentCity": "MANSFIELD",
		"agentState": "OH",
		"agentZip": null,
		"agentCountryName": "United States",
		"agentCompany": null,
		"alertStatusType": "New",
		"accountsAccessed": 0,
		"countOfCTNAccessed": 0,
		"accountsNotedBySuspectId": 0,
		"percentageNotedBySuspectId": 0,
		"averageNumberOfBAN": 0,
		"averageNumberOfCTN": 0,
		"alertDisposition": null,
		"averageAccountAccessCount": 59,
		"averageSiteAvgAccessCount": 54
	}, {
		"id": "JS959S_20160417",
		"date": "20160417",
		"siteId": "MSF-RM",
		"userId": "JS959S",
		"clarifyDataSource": "CFY_BTTW",
		"clarifyAccessCount": 92,
		"clarifySiteAvgAccessCount": 52,
		"clarifyUniqueAccessCount": 72,
		"clarifySiteAvgUniqueAccessCount": 43,
		"clarifySub1MinAccessCount": 2,
		"clarify2To5MinAccessCount": 5,
		"clarify5To10MinAccessCount": 29,
		"telegenceDataSource": "TLG_BTTW",
		"telegenceAccessCount": 201,
		"telegenceSiteAvgAccessCount": 84,
		"telegenceUniqueAccessCount": 73,
		"telegenceSiteAvgUniqueAccessCount": 37,
		"telegenceSub1MinAccessCount": 72,
		"telegence2To5MinAccessCount": 1,
		"telegence5To10MinAccessCount": 0,
		"telegenceClarifyUniqueAccessCount": 71,
		"telegenceClarifySiteAvgAccessCount": 28,
		"anomalyProbability": 0.99,
		"agentFirstName": "JAMIE",
		"agentLastName": "FLETCHER",
		"agentEmail": "jamie.fletcher@startek.com",
		"agentPhone": null,
		"agentManagerAttUserId": "jh3877",
		"agentManagerFirstName": "JAY",
		"agentManagerLastName": "HERNANDEZ",
		"agentManagerEmail": null,
		"agentManagerPhone": null,
		"agentManagerManagerAttUserId": "tn9873",
		"agentStreet": "860 WEST 4TH STREET",
		"agentCity": "MANSFIELD",
		"agentState": "OH",
		"agentZip": null,
		"agentCountryName": "United States",
		"agentCompany": null,
		"alertStatusType": "New",
		"accountsAccessed": 0,
		"countOfCTNAccessed": 0,
		"accountsNotedBySuspectId": 0,
		"percentageNotedBySuspectId": 0,
		"averageNumberOfBAN": 0,
		"averageNumberOfCTN": 0,
		"alertDisposition": null,
		"averageAccountAccessCount": 146,
		"averageSiteAvgAccessCount": 68
	}, {
		"id": "JS959S_20160418",
		"date": "20160418",
		"siteId": "MSF-RM",
		"userId": "JS959S",
		"clarifyDataSource": "CFY_BTTW",
		"clarifyAccessCount": 100,
		"clarifySiteAvgAccessCount": 56,
		"clarifyUniqueAccessCount": 75,
		"clarifySiteAvgUniqueAccessCount": 42,
		"clarifySub1MinAccessCount": 2,
		"clarify2To5MinAccessCount": 6,
		"clarify5To10MinAccessCount": 32,
		"telegenceDataSource": "TLG_BTTW",
		"telegenceAccessCount": 236,
		"telegenceSiteAvgAccessCount": 86,
		"telegenceUniqueAccessCount": 85,
		"telegenceSiteAvgUniqueAccessCount": 32,
		"telegenceSub1MinAccessCount": 7,
		"telegence2To5MinAccessCount": 6,
		"telegence5To10MinAccessCount": 39,
		"telegenceClarifyUniqueAccessCount": 74,
		"telegenceClarifySiteAvgAccessCount": 25,
		"anomalyProbability": 0.638,
		"agentFirstName": "JAMIE",
		"agentLastName": "FLETCHER",
		"agentEmail": "jamie.fletcher@startek.com",
		"agentPhone": null,
		"agentManagerAttUserId": "jh3877",
		"agentManagerFirstName": "JAY",
		"agentManagerLastName": "HERNANDEZ",
		"agentManagerEmail": null,
		"agentManagerPhone": null,
		"agentManagerManagerAttUserId": "tn9873",
		"agentStreet": "860 WEST 4TH STREET",
		"agentCity": "MANSFIELD",
		"agentState": "OH",
		"agentZip": null,
		"agentCountryName": "United States",
		"agentCompany": null,
		"alertStatusType": "New",
		"accountsAccessed": 0,
		"countOfCTNAccessed": 0,
		"accountsNotedBySuspectId": 0,
		"percentageNotedBySuspectId": 0,
		"averageNumberOfBAN": 0,
		"averageNumberOfCTN": 0,
		"alertDisposition": null,
		"averageAccountAccessCount": 168,
		"averageSiteAvgAccessCount": 71
	}, {
		"id": "JS959S_20160419",
		"date": "20160419",
		"siteId": "MSF-RM",
		"userId": "JS959S",
		"clarifyDataSource": "CFY_BTTW",
		"clarifyAccessCount": 11,
		"clarifySiteAvgAccessCount": 43,
		"clarifyUniqueAccessCount": 11,
		"clarifySiteAvgUniqueAccessCount": 33,
		"clarifySub1MinAccessCount": 11,
		"clarify2To5MinAccessCount": 0,
		"clarify5To10MinAccessCount": 0,
		"telegenceDataSource": "TLG_BTTW",
		"telegenceAccessCount": 34,
		"telegenceSiteAvgAccessCount": 68,
		"telegenceUniqueAccessCount": 10,
		"telegenceSiteAvgUniqueAccessCount": 26,
		"telegenceSub1MinAccessCount": 10,
		"telegence2To5MinAccessCount": 0,
		"telegence5To10MinAccessCount": 0,
		"telegenceClarifyUniqueAccessCount": 10,
		"telegenceClarifySiteAvgAccessCount": 19,
		"anomalyProbability": 0,
		"agentFirstName": "JAMIE",
		"agentLastName": "FLETCHER",
		"agentEmail": "jamie.fletcher@startek.com",
		"agentPhone": null,
		"agentManagerAttUserId": "jh3877",
		"agentManagerFirstName": "JAY",
		"agentManagerLastName": "HERNANDEZ",
		"agentManagerEmail": null,
		"agentManagerPhone": null,
		"agentManagerManagerAttUserId": "tn9873",
		"agentStreet": "860 WEST 4TH STREET",
		"agentCity": "MANSFIELD",
		"agentState": "OH",
		"agentZip": null,
		"agentCountryName": "United States",
		"agentCompany": null,
		"alertStatusType": "New",
		"accountsAccessed": 0,
		"countOfCTNAccessed": 0,
		"accountsNotedBySuspectId": 0,
		"percentageNotedBySuspectId": 0,
		"averageNumberOfBAN": 0,
		"averageNumberOfCTN": 0,
		"alertDisposition": null,
		"averageAccountAccessCount": 22,
		"averageSiteAvgAccessCount": 55
	}, {
		"id": "JS959S_20160422",
		"date": "20160422",
		"siteId": "MSF-RM",
		"userId": "JS959S",
		"clarifyDataSource": "CFY_BTTW",
		"clarifyAccessCount": 101,
		"clarifySiteAvgAccessCount": 51,
		"clarifyUniqueAccessCount": 92,
		"clarifySiteAvgUniqueAccessCount": 40,
		"clarifySub1MinAccessCount": 4,
		"clarify2To5MinAccessCount": 9,
		"clarify5To10MinAccessCount": 39,
		"telegenceDataSource": "TLG_BTTW",
		"telegenceAccessCount": 242,
		"telegenceSiteAvgAccessCount": 76,
		"telegenceUniqueAccessCount": 97,
		"telegenceSiteAvgUniqueAccessCount": 30,
		"telegenceSub1MinAccessCount": 4,
		"telegence2To5MinAccessCount": 10,
		"telegence5To10MinAccessCount": 42,
		"telegenceClarifyUniqueAccessCount": 90,
		"telegenceClarifySiteAvgAccessCount": 24,
		"anomalyProbability": 0.452,
		"agentFirstName": "JAMIE",
		"agentLastName": "FLETCHER",
		"agentEmail": "jamie.fletcher@startek.com",
		"agentPhone": null,
		"agentManagerAttUserId": "jh3877",
		"agentManagerFirstName": "JAY",
		"agentManagerLastName": "HERNANDEZ",
		"agentManagerEmail": null,
		"agentManagerPhone": null,
		"agentManagerManagerAttUserId": "tn9873",
		"agentStreet": "860 WEST 4TH STREET",
		"agentCity": "MANSFIELD",
		"agentState": "OH",
		"agentZip": null,
		"agentCountryName": "United States",
		"agentCompany": null,
		"alertStatusType": "New",
		"accountsAccessed": 0,
		"countOfCTNAccessed": 0,
		"accountsNotedBySuspectId": 0,
		"percentageNotedBySuspectId": 0,
		"averageNumberOfBAN": 0,
		"averageNumberOfCTN": 0,
		"alertDisposition": null,
		"averageAccountAccessCount": 171,
		"averageSiteAvgAccessCount": 63
	}, {
		"id": "JS959S_20160423",
		"date": "20160423",
		"siteId": "MSF-RM",
		"userId": "JS959S",
		"clarifyDataSource": "CFY_BTTW",
		"clarifyAccessCount": 42,
		"clarifySiteAvgAccessCount": 33,
		"clarifyUniqueAccessCount": 40,
		"clarifySiteAvgUniqueAccessCount": 28,
		"clarifySub1MinAccessCount": 2,
		"clarify2To5MinAccessCount": 1,
		"clarify5To10MinAccessCount": 16,
		"telegenceDataSource": "TLG_BTTW",
		"telegenceAccessCount": 25,
		"telegenceSiteAvgAccessCount": 26,
		"telegenceUniqueAccessCount": 19,
		"telegenceSiteAvgUniqueAccessCount": 10,
		"telegenceSub1MinAccessCount": 9,
		"telegence2To5MinAccessCount": 1,
		"telegence5To10MinAccessCount": 6,
		"telegenceClarifyUniqueAccessCount": 11,
		"telegenceClarifySiteAvgAccessCount": 7,
		"anomalyProbability": 0.048,
		"agentFirstName": "JAMIE",
		"agentLastName": "FLETCHER",
		"agentEmail": "jamie.fletcher@startek.com",
		"agentPhone": null,
		"agentManagerAttUserId": "jh3877",
		"agentManagerFirstName": "JAY",
		"agentManagerLastName": "HERNANDEZ",
		"agentManagerEmail": null,
		"agentManagerPhone": null,
		"agentManagerManagerAttUserId": "tn9873",
		"agentStreet": "860 WEST 4TH STREET",
		"agentCity": "MANSFIELD",
		"agentState": "OH",
		"agentZip": null,
		"agentCountryName": "United States",
		"agentCompany": null,
		"alertStatusType": "New",
		"accountsAccessed": 0,
		"countOfCTNAccessed": 0,
		"accountsNotedBySuspectId": 0,
		"percentageNotedBySuspectId": 0,
		"averageNumberOfBAN": 0,
		"averageNumberOfCTN": 0,
		"alertDisposition": null,
		"averageAccountAccessCount": 33,
		"averageSiteAvgAccessCount": 29
	}, {
		"id": "JS959S_20160424",
		"date": "20160424",
		"siteId": "MSF-RM",
		"userId": "JS959S",
		"clarifyDataSource": "CFY_BTTW",
		"clarifyAccessCount": 74,
		"clarifySiteAvgAccessCount": 54,
		"clarifyUniqueAccessCount": 74,
		"clarifySiteAvgUniqueAccessCount": 43,
		"clarifySub1MinAccessCount": 72,
		"clarify2To5MinAccessCount": 2,
		"clarify5To10MinAccessCount": 0,
		"telegenceDataSource": "TLG_BTTW",
		"telegenceAccessCount": 155,
		"telegenceSiteAvgAccessCount": 88,
		"telegenceUniqueAccessCount": 76,
		"telegenceSiteAvgUniqueAccessCount": 37,
		"telegenceSub1MinAccessCount": 5,
		"telegence2To5MinAccessCount": 7,
		"telegence5To10MinAccessCount": 34,
		"telegenceClarifyUniqueAccessCount": 70,
		"telegenceClarifySiteAvgAccessCount": 29,
		"anomalyProbability": 0.924,
		"agentFirstName": "JAMIE",
		"agentLastName": "FLETCHER",
		"agentEmail": "jamie.fletcher@startek.com",
		"agentPhone": null,
		"agentManagerAttUserId": "jh3877",
		"agentManagerFirstName": "JAY",
		"agentManagerLastName": "HERNANDEZ",
		"agentManagerEmail": null,
		"agentManagerPhone": null,
		"agentManagerManagerAttUserId": "tn9873",
		"agentStreet": "860 WEST 4TH STREET",
		"agentCity": "MANSFIELD",
		"agentState": "OH",
		"agentZip": null,
		"agentCountryName": "United States",
		"agentCompany": null,
		"alertStatusType": "New",
		"accountsAccessed": 0,
		"countOfCTNAccessed": 0,
		"accountsNotedBySuspectId": 0,
		"percentageNotedBySuspectId": 0,
		"averageNumberOfBAN": 0,
		"averageNumberOfCTN": 0,
		"alertDisposition": null,
		"averageAccountAccessCount": 114,
		"averageSiteAvgAccessCount": 71
	}, {
		"id": "JS959S_20160425",
		"date": "20160425",
		"siteId": "MSF-RM",
		"userId": "JS959S",
		"clarifyDataSource": "CFY_BTTW",
		"clarifyAccessCount": 73,
		"clarifySiteAvgAccessCount": 56,
		"clarifyUniqueAccessCount": 73,
		"clarifySiteAvgUniqueAccessCount": 42,
		"clarifySub1MinAccessCount": 4,
		"clarify2To5MinAccessCount": 6,
		"clarify5To10MinAccessCount": 31,
		"telegenceDataSource": "TLG_BTTW",
		"telegenceAccessCount": 193,
		"telegenceSiteAvgAccessCount": 83,
		"telegenceUniqueAccessCount": 82,
		"telegenceSiteAvgUniqueAccessCount": 32,
		"telegenceSub1MinAccessCount": 6,
		"telegence2To5MinAccessCount": 11,
		"telegence5To10MinAccessCount": 36,
		"telegenceClarifyUniqueAccessCount": 72,
		"telegenceClarifySiteAvgAccessCount": 28,
		"anomalyProbability": 0.303,
		"agentFirstName": "JAMIE",
		"agentLastName": "FLETCHER",
		"agentEmail": "jamie.fletcher@startek.com",
		"agentPhone": null,
		"agentManagerAttUserId": "jh3877",
		"agentManagerFirstName": "JAY",
		"agentManagerLastName": "HERNANDEZ",
		"agentManagerEmail": null,
		"agentManagerPhone": null,
		"agentManagerManagerAttUserId": "tn9873",
		"agentStreet": "860 WEST 4TH STREET",
		"agentCity": "MANSFIELD",
		"agentState": "OH",
		"agentZip": null,
		"agentCountryName": "United States",
		"agentCompany": null,
		"alertStatusType": "New",
		"accountsAccessed": 0,
		"countOfCTNAccessed": 0,
		"accountsNotedBySuspectId": 0,
		"percentageNotedBySuspectId": 0,
		"averageNumberOfBAN": 0,
		"averageNumberOfCTN": 0,
		"alertDisposition": null,
		"averageAccountAccessCount": 133,
		"averageSiteAvgAccessCount": 69
	}, {
		"id": "JS959S_20160426",
		"date": "20160426",
		"siteId": "MSF-RM",
		"userId": "JS959S",
		"clarifyDataSource": "CFY_BTTW",
		"clarifyAccessCount": 14,
		"clarifySiteAvgAccessCount": 44,
		"clarifyUniqueAccessCount": 14,
		"clarifySiteAvgUniqueAccessCount": 34,
		"clarifySub1MinAccessCount": 2,
		"clarify2To5MinAccessCount": 2,
		"clarify5To10MinAccessCount": 6,
		"telegenceDataSource": "TLG_BTTW",
		"telegenceAccessCount": 36,
		"telegenceSiteAvgAccessCount": 68,
		"telegenceUniqueAccessCount": 13,
		"telegenceSiteAvgUniqueAccessCount": 27,
		"telegenceSub1MinAccessCount": 13,
		"telegence2To5MinAccessCount": 0,
		"telegence5To10MinAccessCount": 0,
		"telegenceClarifyUniqueAccessCount": 12,
		"telegenceClarifySiteAvgAccessCount": 22,
		"anomalyProbability": 0,
		"agentFirstName": "JAMIE",
		"agentLastName": "FLETCHER",
		"agentEmail": "jamie.fletcher@startek.com",
		"agentPhone": null,
		"agentManagerAttUserId": "jh3877",
		"agentManagerFirstName": "JAY",
		"agentManagerLastName": "HERNANDEZ",
		"agentManagerEmail": null,
		"agentManagerPhone": null,
		"agentManagerManagerAttUserId": "tn9873",
		"agentStreet": "860 WEST 4TH STREET",
		"agentCity": "MANSFIELD",
		"agentState": "OH",
		"agentZip": null,
		"agentCountryName": "United States",
		"agentCompany": null,
		"alertStatusType": "New",
		"accountsAccessed": 0,
		"countOfCTNAccessed": 0,
		"accountsNotedBySuspectId": 0,
		"percentageNotedBySuspectId": 0,
		"averageNumberOfBAN": 0,
		"averageNumberOfCTN": 0,
		"alertDisposition": null,
		"averageAccountAccessCount": 25,
		"averageSiteAvgAccessCount": 56
	}, {
		"id": "JS959S_20160429",
		"date": "20160429",
		"siteId": "MSF-RM",
		"userId": "JS959S",
		"clarifyDataSource": "CFY_BTTW",
		"clarifyAccessCount": 80,
		"clarifySiteAvgAccessCount": 53,
		"clarifyUniqueAccessCount": 80,
		"clarifySiteAvgUniqueAccessCount": 42,
		"clarifySub1MinAccessCount": 6,
		"clarify2To5MinAccessCount": 8,
		"clarify5To10MinAccessCount": 32,
		"telegenceDataSource": "TLG_BTTW",
		"telegenceAccessCount": 206,
		"telegenceSiteAvgAccessCount": 85,
		"telegenceUniqueAccessCount": 82,
		"telegenceSiteAvgUniqueAccessCount": 33,
		"telegenceSub1MinAccessCount": 4,
		"telegence2To5MinAccessCount": 13,
		"telegence5To10MinAccessCount": 32,
		"telegenceClarifyUniqueAccessCount": 78,
		"telegenceClarifySiteAvgAccessCount": 29,
		"anomalyProbability": 0.556,
		"agentFirstName": "JAMIE",
		"agentLastName": "FLETCHER",
		"agentEmail": "jamie.fletcher@startek.com",
		"agentPhone": null,
		"agentManagerAttUserId": "jh3877",
		"agentManagerFirstName": "JAY",
		"agentManagerLastName": "HERNANDEZ",
		"agentManagerEmail": null,
		"agentManagerPhone": null,
		"agentManagerManagerAttUserId": "tn9873",
		"agentStreet": "860 WEST 4TH STREET",
		"agentCity": "MANSFIELD",
		"agentState": "OH",
		"agentZip": null,
		"agentCountryName": "United States",
		"agentCompany": null,
		"alertStatusType": "New",
		"accountsAccessed": 0,
		"countOfCTNAccessed": 0,
		"accountsNotedBySuspectId": 0,
		"percentageNotedBySuspectId": 0,
		"averageNumberOfBAN": 0,
		"averageNumberOfCTN": 0,
		"alertDisposition": null,
		"averageAccountAccessCount": 143,
		"averageSiteAvgAccessCount": 69
	}, {
		"id": "JS959S_20160501",
		"date": "20160501",
		"siteId": "MSF-RM",
		"userId": "JS959S",
		"clarifyDataSource": "CFY_BTTW",
		"clarifyAccessCount": 70,
		"clarifySiteAvgAccessCount": 57,
		"clarifyUniqueAccessCount": 70,
		"clarifySiteAvgUniqueAccessCount": 47,
		"clarifySub1MinAccessCount": 4,
		"clarify2To5MinAccessCount": 4,
		"clarify5To10MinAccessCount": 32,
		"telegenceDataSource": "TLG_BTTW",
		"telegenceAccessCount": 151,
		"telegenceSiteAvgAccessCount": 92,
		"telegenceUniqueAccessCount": 71,
		"telegenceSiteAvgUniqueAccessCount": 42,
		"telegenceSub1MinAccessCount": 3,
		"telegence2To5MinAccessCount": 8,
		"telegence5To10MinAccessCount": 34,
		"telegenceClarifyUniqueAccessCount": 70,
		"telegenceClarifySiteAvgAccessCount": 38,
		"anomalyProbability": 0.6,
		"agentFirstName": "JAMIE",
		"agentLastName": "FLETCHER",
		"agentEmail": "jamie.fletcher@startek.com",
		"agentPhone": null,
		"agentManagerAttUserId": "jh3877",
		"agentManagerFirstName": "JAY",
		"agentManagerLastName": "HERNANDEZ",
		"agentManagerEmail": null,
		"agentManagerPhone": null,
		"agentManagerManagerAttUserId": "tn9873",
		"agentStreet": "860 WEST 4TH STREET",
		"agentCity": "MANSFIELD",
		"agentState": "OH",
		"agentZip": null,
		"agentCountryName": "United States",
		"agentCompany": null,
		"alertStatusType": "New",
		"accountsAccessed": 0,
		"countOfCTNAccessed": 0,
		"accountsNotedBySuspectId": 0,
		"percentageNotedBySuspectId": 0,
		"averageNumberOfBAN": 0,
		"averageNumberOfCTN": 0,
		"alertDisposition": null,
		"averageAccountAccessCount": 110,
		"averageSiteAvgAccessCount": 74
	}, {
		"id": "JS959S_20160506",
		"date": "20160506",
		"siteId": "MSF-RM",
		"userId": "JS959S",
		"clarifyDataSource": "CFY_BTTW",
		"clarifyAccessCount": 98,
		"clarifySiteAvgAccessCount": 57,
		"clarifyUniqueAccessCount": 98,
		"clarifySiteAvgUniqueAccessCount": 45,
		"clarifySub1MinAccessCount": 6,
		"clarify2To5MinAccessCount": 6,
		"clarify5To10MinAccessCount": 49,
		"telegenceDataSource": "TLG_BTTW",
		"telegenceAccessCount": 268,
		"telegenceSiteAvgAccessCount": 92,
		"telegenceUniqueAccessCount": 113,
		"telegenceSiteAvgUniqueAccessCount": 38,
		"telegenceSub1MinAccessCount": 11,
		"telegence2To5MinAccessCount": 12,
		"telegence5To10MinAccessCount": 54,
		"telegenceClarifyUniqueAccessCount": 97,
		"telegenceClarifySiteAvgAccessCount": 33,
		"anomalyProbability": 0.643,
		"agentFirstName": "JAMIE",
		"agentLastName": "FLETCHER",
		"agentEmail": "jamie.fletcher@startek.com",
		"agentPhone": null,
		"agentManagerAttUserId": "jh3877",
		"agentManagerFirstName": "JAY",
		"agentManagerLastName": "HERNANDEZ",
		"agentManagerEmail": null,
		"agentManagerPhone": null,
		"agentManagerManagerAttUserId": "tn9873",
		"agentStreet": "860 WEST 4TH STREET",
		"agentCity": "MANSFIELD",
		"agentState": "OH",
		"agentZip": null,
		"agentCountryName": "United States",
		"agentCompany": null,
		"alertStatusType": "New",
		"accountsAccessed": 0,
		"countOfCTNAccessed": 0,
		"accountsNotedBySuspectId": 0,
		"percentageNotedBySuspectId": 0,
		"averageNumberOfBAN": 0,
		"averageNumberOfCTN": 0,
		"alertDisposition": null,
		"averageAccountAccessCount": 183,
		"averageSiteAvgAccessCount": 74
	}, {
		"id": "JS959S_20160507",
		"date": "20160507",
		"siteId": "MSF-RM",
		"userId": "JS959S",
		"clarifyDataSource": "CFY_BTTW",
		"clarifyAccessCount": 47,
		"clarifySiteAvgAccessCount": 24,
		"clarifyUniqueAccessCount": 44,
		"clarifySiteAvgUniqueAccessCoun": 19,
		"clarifySub1MinAccessCount": 4,
		"clarify2To5MinAccessCount": 7,
		"clarify5To10MinAccessCount": 18,
		"telegenceDataSource": "TLG_BTTW",
		"telegenceAccessCount": 94,
		"telegenceSiteAvgAccessCount": 41,
		"telegenceUniqueAccessCount": 44,
		"telegenceSiteAvgUniqueAccessCount": 17,
		"telegenceSub1MinAccessCount": 3,
		"telegence2To5MinAccessCount": 7,
		"telegence5To10MinAccessCount": 16,
		"telegenceClarifyUniqueAccessCount": 43,
		"telegenceClarifySiteAvgAccessCount": 14,
		"anomalyProbability": 0.437,
		"agentFirstName": "JAMIE",
		"agentLastName": "FLETCHER",
		"agentEmail": "jamie.fletcher@startek.com",
		"agentPhone": null,
		"agentManagerAttUserId": "jh3877",
		"agentManagerFirstName": "JAY",
		"agentManagerLastName": "HERNANDEZ",
		"agentManagerEmail": null,
		"agentManagerPhone": null,
		"agentManagerManagerAttUserId": "tn9873",
		"agentStreet": "860 WEST 4TH STREET",
		"agentCity": "MANSFIELD",
		"agentState": "OH",
		"agentZip": null,
		"agentCountryName": "United States",
		"agentCompany": null,
		"alertStatusType": "New",
		"accountsAccessed": 0,
		"countOfCTNAccessed": 0,
		"accountsNotedBySuspectId": 0,
		"percentageNotedBySuspectId": 0,
		"averageNumberOfBAN": 0,
		"averageNumberOfCTN": 0,
		"alertDisposition": null,
		"averageAccountAccessCount": 70,
		"averageSiteAvgAccessCount": 32
	}, {
		"id": "JS959S_20160513",
		"date": "20160513",
		"siteId": "MSF-RM",
		"userId": "JS959S",
		"clarifyDataSource": "CFY_BTTW",
		"clarifyAccessCount": 101,
		"clarifySiteAvgAccessCount": 58,
		"clarifyUniqueAccessCount": 99,
		"clarifySiteAvgUniqueAccessCount": 45,
		"clarifySub1MinAccessCount": 5,
		"clarify2To5MinAccessCount": 8,
		"clarify5To10MinAccessCount": 49,
		"telegenceDataSource": "TLG_BTTW",
		"telegenceAccessCount": 248,
		"telegenceSiteAvgAccessCount": 92,
		"telegenceUniqueAccessCount": 105,
		"telegenceSiteAvgUniqueAccessCount": 37,
		"telegenceSub1MinAccessCount": 6,
		"telegence2To5MinAccessCount": 14,
		"telegence5To10MinAccessCount": 52,
		"telegenceClarifyUniqueAccessCount": 98,
		"telegenceClarifySiteAvgAccessCount": 31,
		"anomalyProbability": 0.711,
		"agentFirstName": "JAMIE",
		"agentLastName": "FLETCHER",
		"agentEmail": "jamie.fletcher@startek.com",
		"agentPhone": null,
		"agentManagerAttUserId": "jh3877",
		"agentManagerFirstName": "JAY",
		"agentManagerLastName": "HERNANDEZ",
		"agentManagerEmail": null,
		"agentManagerPhone": null,
		"agentManagerManagerAttUserId": "tn9873",
		"agentStreet": "860 WEST 4TH STREET",
		"agentCity": "MANSFIELD",
		"agentState": "OH",
		"agentZip": null,
		"agentCountryName": "United States",
		"agentCompany": null,
		"alertStatusType": "New",
		"accountsAccessed": 0,
		"countOfCTNAccessed": 0,
		"accountsNotedBySuspectId": 0,
		"percentageNotedBySuspectId": 0,
		"averageNumberOfBAN": 0,
		"averageNumberOfCTN": 0,
		"alertDisposition": null,
		"averageAccountAccessCount": 174,
		"averageSiteAvgAccessCount": 75
	}, {
		"id": "JS959S_20160514",
		"date": "20160514",
		"siteId": "MSF-RM",
		"userId": "JS959S",
		"clarifyDataSource": "CFY_BTTW",
		"clarifyAccessCount": 36,
		"clarifySiteAvgAccessCount": 50,
		"clarifyUniqueAccessCount": 34,
		"clarifySiteAvgUniqueAccessCount": 41,
		"clarifySub1MinAccessCount": 33,
		"clarify2To5MinAccessCount": 0,
		"clarify5To10MinAccessCount": 0,
		"telegenceDataSource": "TLG_BTTW",
		"telegenceAccessCount": 103,
		"telegenceSiteAvgAccessCount": 75,
		"telegenceUniqueAccessCount": 44,
		"telegenceSiteAvgUniqueAccessCount": 33,
		"telegenceSub1MinAccessCount": 5,
		"telegence2To5MinAccessCount": 4,
		"telegence5To10MinAccessCount": 16,
		"telegenceClarifyUniqueAccessCount": 34,
		"telegenceClarifySiteAvgAccessCount": 29,
		"anomalyProbability": 0.237,
		"agentFirstName": "JAMIE",
		"agentLastName": "FLETCHER",
		"agentEmail": "jamie.fletcher@startek.com",
		"agentPhone": null,
		"agentManagerAttUserId": "jh3877",
		"agentManagerFirstName": "JAY",
		"agentManagerLastName": "HERNANDEZ",
		"agentManagerEmail": null,
		"agentManagerPhone": null,
		"agentManagerManagerAttUserId": "tn9873",
		"agentStreet": "860 WEST 4TH STREET",
		"agentCity": "MANSFIELD",
		"agentState": "OH",
		"agentZip": null,
		"agentCountryName": "United States",
		"agentCompany": null,
		"alertStatusType": "New",
		"accountsAccessed": 0,
		"countOfCTNAccessed": 0,
		"accountsNotedBySuspectId": 0,
		"percentageNotedBySuspectId": 0,
		"averageNumberOfBAN": 0,
		"averageNumberOfCTN": 0,
		"alertDisposition": null,
		"averageAccountAccessCount": 69,
		"averageSiteAvgAccessCount": 62
	}, {
		"id": "JS959S_20160515",
		"date": "20160515",
		"siteId": "MSF-RM",
		"userId": "JS959S",
		"clarifyDataSource": "CFY_BTTW",
		"clarifyAccessCount": 85,
		"clarifySiteAvgAccessCount": 70,
		"clarifyUniqueAccessCount": 85,
		"clarifySiteAvgUniqueAccessCount": 56,
		"clarifySub1MinAccessCount": 2,
		"clarify2To5MinAccessCount": 7,
		"clarify5To10MinAccessCount": 42,
		"telegenceDataSource": "TLG_BTTW",
		"telegenceAccessCount": 278,
		"telegenceSiteAvgAccessCount": 112,
		"telegenceUniqueAccessCount": 92,
		"telegenceSiteAvgUniqueAccessCount": 47,
		"telegenceSub1MinAccessCount": 7,
		"telegence2To5MinAccessCount": 9,
		"telegence5To10MinAccessCount": 46,
		"telegenceClarifyUniqueAccessCount": 85,
		"telegenceClarifySiteAvgAccessCount": 43,
		"anomalyProbability": 0.99,
		"agentFirstName": "JAMIE",
		"agentLastName": "FLETCHER",
		"agentEmail": "jamie.fletcher@startek.com",
		"agentPhone": null,
		"agentManagerAttUserId": "jh3877",
		"agentManagerFirstName": "JAY",
		"agentManagerLastName": "HERNANDEZ",
		"agentManagerEmail": null,
		"agentManagerPhone": null,
		"agentManagerManagerAttUserId": "tn9873",
		"agentStreet": "860 WEST 4TH STREET",
		"agentCity": "MANSFIELD",
		"agentState": "OH",
		"agentZip": null,
		"agentCountryName": "United States",
		"agentCompany": null,
		"alertStatusType": "New",
		"accountsAccessed": 0,
		"countOfCTNAccessed": 0,
		"accountsNotedBySuspectId": 0,
		"percentageNotedBySuspectId": 0,
		"averageNumberOfBAN": 0,
		"averageNumberOfCTN": 0,
		"alertDisposition": null,
		"averageAccountAccessCount": 181,
		"averageSiteAvgAccessCount": 91
	}],
	"serviceResult": {
		"success": true,
		"errorMessage": null,
		"errorMessageTechnical": null
	}
}