
{
"incidentContacts": null,
"incidentContactsList": [
{
"id": "5825649b0cf2e419d5368190",
"investigatorId": "al8471",
"ruleId": "41",
"condition": ">=",
"threshold": "70",
"action": "call",
"contact": "al8471@gmail.com",
"createdBy": "mc898b",
"lastUpdatedBy": "mc898b",
"createdDateTime": "11/11/2016 @ 06:26:35 AM",
"lastUpdatedDateTime": "11/11/2016 @ 06:31:58 AM"
},
{
"id": "582563e60cf2e419d536818b",
"investigatorId": "vc448v ",
"ruleId": "100",
"condition": ">",
"threshold": "180",
"action": "call",
"contact": "abc@gmail.com",
"createdBy": "mc898b",
"lastUpdatedBy": null,
"createdDateTime": "11/11/2016 @ 06:23:34 AM",
"lastUpdatedDateTime": null
},
{
"id": "58243bca0cf29b7134461744",
"investigatorId": "al8471",
"ruleId": null,
"condition": ">=",
"threshold": "10",
"action": "Email",
"contact": "sdfsdfds",
"createdBy": "sg366f",
"lastUpdatedBy": null,
"createdDateTime": "11/10/2016 @ 09:20:10 AM",
"lastUpdatedDateTime": null
}
],
"serviceResult": {
"success": true,
"errorMessage": null,
"errorMessageTechnical": null
}
}


