[
    {
    "uid":"RS9485",
    "firstName":"Roman",
    "lastName":"samuel",
    "accountsAccessed":"60",
    "dateOfAbnormalEvent":"Feb 13, 2007",
    "workLocation":{
    "city":"Sacramento",
    "state":"California"
    }
    },
    {
    "uid":"WL8489",
    "firstName":"Williams",
    "lastName":"Lucas",
    "accountsAccessed":"10",
    "dateOfAbnormalEvent":"Feb 14,2007",
    "workLocation":{
    "city":"Texas",
    "state":"USA"
    }
    },
    {
    "uid":"KS7480",
    "firstName":"George",
    "lastName":"Ferry",
    "accountsAccessed":"20",
    "dateOfAbnormalEvent":"Feb 15, 2007",
    "workLocation":{
    "city":"Tallahassee",
    "state":"Florida"
    }
    },
    {
    "uid":"JL3486",
    "firstName":"James",
    "lastName":"Luther",
    "accountsAccessed":"50",
    "dateOfAbnormalEvent":"Feb 18, 2007",
    "workLocation":{
    "city":"BatonRouge",
    "state":"Louisiana"
    }
    },
    {
    "uid":"RF2285",
    "firstName":"Williams",
    "lastName":"Lucas",
    "accountsAccessed":"60",
    "dateOfAbnormalEvent":"Feb 19, 2007",
    "workLocation":
        {
            "city":"Albany",
            "state":"NewYork"
        }
    }
]