{
"size":10,
"page":0,
"totalPages":1,
"totalRecords":4,
"serviceResult":{
"success":true,
"errorMessage":null,
"errorMessageTechnical":null
},
"bookmarkMessages":[
{
"loggedAttId":"rs1237",
"attId":"ww278w",
"firstName":"Lucas 36",
"lastName":"Williams",
"percentageProbabilty":"50",
"workLocation":{
"city":"Dallas",
"state":"TX"
},
"dateOfAbnormalEvent":"Feb 12,2014",
"timeOfAbnormalEvent":"12:12:11",
"dateOfBookMarkCreated":"Feb 22,2016",
"timeOfBookMarkCreated":"15:06:13"
},
{
"loggedAttId":"rs1237",
"attId":"ww278w",
"firstName":"Lucas 36",
"lastName":"Williams",
"percentageProbabilty":"50",
"workLocation":{
"city":"Dallas",
"state":"TX"
},
"dateOfAbnormalEvent":"Feb 12,2014",
"timeOfAbnormalEvent":"12:12:11",
"dateOfBookMarkCreated":"Feb 22,2016",
"timeOfBookMarkCreated":"15:06:13"
},
{
"loggedAttId":"rs1237",
"attId":"ww278w",
"firstName":"Lucas 36",
"lastName":"Williams",
"percentageProbabilty":"50",
"workLocation":{
"city":"Dallas",
"state":"TX"
},
"dateOfAbnormalEvent":"Feb 12,2014",
"timeOfAbnormalEvent":"12:12:11",
"dateOfBookMarkCreated":"Feb 22,2016",
"timeOfBookMarkCreated":"15:06:13"
},
{
"loggedAttId":"rs1237",
"attId":"ww278w",
"firstName":"Lucas 36",
"lastName":"Williams",
"percentageProbabilty":"50",
"workLocation":{
"city":"Dallas",
"state":"TX"
},
"dateOfAbnormalEvent":"Feb 12,2014",
"timeOfAbnormalEvent":"12:12:11",
"dateOfBookMarkCreated":"Feb 22,2016",
"timeOfBookMarkCreated":"15:06:13"
}
]
}