{"serviceResult":{"success":true,"errorMessage":null,"errorMessageTechnical":null},"caseSummaries":[{"id":"EC763E_20161122","date":"20161122","siteId":"LIB-WLNP","userId":"EC763E","clarifyDataSource":"CFY_BTTW","clarifyAccessCount":3,"clarifySiteAvgAccessCount":50,"clarifyUniqueAccessCount":1,"clarifySiteAvgUniqueAccessCount":24,"clarifySub1MinAccessCount":1,"clarify2To5MinAccessCount":0,"clarify5To10MinAccessCount":0,"telegenceDataSource":"TLG_BTTW","telegenceAccessCount":122,"telegenceSiteAvgAccessCount":70,"telegenceUniqueAccessCount":52,"telegenceSiteAvgUniqueAccessCount":18,"telegenceSub1MinAccessCount":6,"telegence2To5MinAccessCount":6,"telegence5To10MinAccessCount":13,"telegenceClarifyUniqueAccessCount":2,"telegenceClarifySiteAvgAccessCount":22,"anomalyProbability":0.331,"agentFirstName":"EDUARDO","agentLastName":"CARANDANG","agentEmail":null,"agentPhone":null,"agentManagerAttUserId":"sb1709","agentManagerFirstName":"SHEILA","agentManagerLastName":"BRUMBELOW","agentManagerEmail":null,"agentManagerPhone":null,"agentManagerManagerAttUserId":"bh1716","agentStreet":"MDC 100 BUILDING C.P. GARCIA C-5 AVE","agentCity":"QUEZON CITY","agentState":"PH","agentZip":null,"agentCountryName":"Philippines","agentCompany":"STREAM GLOBAL SERVICES, INC.","alertStatusType":"New","accountsAccessed":0,"countOfCTNAccessed":0,"accountsNotedBySuspectId":0,"percentageNotedBySuspectId":0.0,"averageNumberOfBAN":0,"averageNumberOfCTN":0,"alertDisposition":null,"alertCreatedDateTime":null,"alertDispositionDateTime":null,"mobility":"N","clarifyNoMemoCount":1,"telegenceNoMemoCount":50,"dataScienceModelVersion":null,"telegenceId":null,"createdDateTime":null,"caseId":null,"collectionCreatedDate":null,"investigatorId":null,"averageAccountAccessCount":62,"averageSiteAvgAccessCount":60},{"id":"EC763E_20161121","date":"20161121","siteId":"LIB-WLNP","userId":"EC763E","clarifyDataSource":"CFY_BTTW","clarifyAccessCount":3,"clarifySiteAvgAccessCount":50,"clarifyUniqueAccessCount":1,"clarifySiteAvgUniqueAccessCount":24,"clarifySub1MinAccessCount":1,"clarify2To5MinAccessCount":0,"clarify5To10MinAccessCount":0,"telegenceDataSource":"TLG_BTTW","telegenceAccessCount":122,"telegenceSiteAvgAccessCount":70,"telegenceUniqueAccessCount":52,"telegenceSiteAvgUniqueAccessCount":18,"telegenceSub1MinAccessCount":6,"telegence2To5MinAccessCount":6,"telegence5To10MinAccessCount":13,"telegenceClarifyUniqueAccessCount":2,"telegenceClarifySiteAvgAccessCount":22,"anomalyProbability":0.331,"agentFirstName":"EDUARDO","agentLastName":"CARANDANG","agentEmail":null,"agentPhone":null,"agentManagerAttUserId":"sb1709","agentManagerFirstName":"SHEILA","agentManagerLastName":"BRUMBELOW","agentManagerEmail":null,"agentManagerPhone":null,"agentManagerManagerAttUserId":"bh1716","agentStreet":"MDC 100 BUILDING C.P. GARCIA C-5 AVE","agentCity":"QUEZON CITY","agentState":"PH","agentZip":null,"agentCountryName":"Philippines","agentCompany":"STREAM GLOBAL SERVICES, INC.","alertStatusType":"New","accountsAccessed":0,"countOfCTNAccessed":0,"accountsNotedBySuspectId":0,"percentageNotedBySuspectId":0.0,"averageNumberOfBAN":0,"averageNumberOfCTN":0,"alertDisposition":null,"alertCreatedDateTime":null,"alertDispositionDateTime":null,"mobility":"N","clarifyNoMemoCount":1,"telegenceNoMemoCount":50,"dataScienceModelVersion":null,"telegenceId":null,"createdDateTime":null,"caseId":null,"collectionCreatedDate":null,"investigatorId":null,"averageAccountAccessCount":62,"averageSiteAvgAccessCount":60},{"id":"EC763E_20161120","date":"20161120","siteId":"LIB-WLNP","userId":"EC763E","clarifyDataSource":"CFY_BTTW","clarifyAccessCount":3,"clarifySiteAvgAccessCount":50,"clarifyUniqueAccessCount":1,"clarifySiteAvgUniqueAccessCount":24,"clarifySub1MinAccessCount":1,"clarify2To5MinAccessCount":0,"clarify5To10MinAccessCount":0,"telegenceDataSource":"TLG_BTTW","telegenceAccessCount":122,"telegenceSiteAvgAccessCount":70,"telegenceUniqueAccessCount":52,"telegenceSiteAvgUniqueAccessCount":18,"telegenceSub1MinAccessCount":6,"telegence2To5MinAccessCount":6,"telegence5To10MinAccessCount":13,"telegenceClarifyUniqueAccessCount":2,"telegenceClarifySiteAvgAccessCount":22,"anomalyProbability":0.331,"agentFirstName":"EDUARDO","agentLastName":"CARANDANG","agentEmail":null,"agentPhone":null,"agentManagerAttUserId":"sb1709","agentManagerFirstName":"SHEILA","agentManagerLastName":"BRUMBELOW","agentManagerEmail":null,"agentManagerPhone":null,"agentManagerManagerAttUserId":"bh1716","agentStreet":"MDC 100 BUILDING C.P. GARCIA C-5 AVE","agentCity":"QUEZON CITY","agentState":"PH","agentZip":null,"agentCountryName":"Philippines","agentCompany":"STREAM GLOBAL SERVICES, INC.","alertStatusType":"New","accountsAccessed":0,"countOfCTNAccessed":0,"accountsNotedBySuspectId":0,"percentageNotedBySuspectId":0.0,"averageNumberOfBAN":0,"averageNumberOfCTN":0,"alertDisposition":null,"alertCreatedDateTime":null,"alertDispositionDateTime":null,"mobility":"N","clarifyNoMemoCount":1,"telegenceNoMemoCount":50,"dataScienceModelVersion":null,"telegenceId":null,"createdDateTime":null,"caseId":null,"collectionCreatedDate":null,"investigatorId":null,"averageAccountAccessCount":62,"averageSiteAvgAccessCount":60},{"id":"EC763E_20161119","date":"20161119","siteId":"LIB-WLNP","userId":"EC763E","clarifyDataSource":"CFY_BTTW","clarifyAccessCount":3,"clarifySiteAvgAccessCount":50,"clarifyUniqueAccessCount":1,"clarifySiteAvgUniqueAccessCount":24,"clarifySub1MinAccessCount":1,"clarify2To5MinAccessCount":0,"clarify5To10MinAccessCount":0,"telegenceDataSource":"TLG_BTTW","telegenceAccessCount":122,"telegenceSiteAvgAccessCount":70,"telegenceUniqueAccessCount":52,"telegenceSiteAvgUniqueAccessCount":18,"telegenceSub1MinAccessCount":6,"telegence2To5MinAccessCount":6,"telegence5To10MinAccessCount":13,"telegenceClarifyUniqueAccessCount":2,"telegenceClarifySiteAvgAccessCount":22,"anomalyProbability":0.331,"agentFirstName":"EDUARDO","agentLastName":"CARANDANG","agentEmail":null,"agentPhone":null,"agentManagerAttUserId":"sb1709","agentManagerFirstName":"SHEILA","agentManagerLastName":"BRUMBELOW","agentManagerEmail":null,"agentManagerPhone":null,"agentManagerManagerAttUserId":"bh1716","agentStreet":"MDC 100 BUILDING C.P. GARCIA C-5 AVE","agentCity":"QUEZON CITY","agentState":"PH","agentZip":null,"agentCountryName":"Philippines","agentCompany":"STREAM GLOBAL SERVICES, INC.","alertStatusType":"New","accountsAccessed":0,"countOfCTNAccessed":0,"accountsNotedBySuspectId":0,"percentageNotedBySuspectId":0.0,"averageNumberOfBAN":0,"averageNumberOfCTN":0,"alertDisposition":null,"alertCreatedDateTime":null,"alertDispositionDateTime":null,"mobility":"N","clarifyNoMemoCount":1,"telegenceNoMemoCount":50,"dataScienceModelVersion":null,"telegenceId":null,"createdDateTime":null,"caseId":"1194","collectionCreatedDate":null,"investigatorId":null,"averageAccountAccessCount":62,"averageSiteAvgAccessCount":60},{"id":"EC763E_20161118","date":"20161118","siteId":"LIB-WLNP","userId":"EC763E","clarifyDataSource":"CFY_BTTW","clarifyAccessCount":3,"clarifySiteAvgAccessCount":50,"clarifyUniqueAccessCount":1,"clarifySiteAvgUniqueAccessCount":24,"clarifySub1MinAccessCount":1,"clarify2To5MinAccessCount":0,"clarify5To10MinAccessCount":0,"telegenceDataSource":"TLG_BTTW","telegenceAccessCount":122,"telegenceSiteAvgAccessCount":70,"telegenceUniqueAccessCount":52,"telegenceSiteAvgUniqueAccessCount":18,"telegenceSub1MinAccessCount":6,"telegence2To5MinAccessCount":6,"telegence5To10MinAccessCount":13,"telegenceClarifyUniqueAccessCount":2,"telegenceClarifySiteAvgAccessCount":22,"anomalyProbability":0.331,"agentFirstName":"EDUARDO","agentLastName":"CARANDANG","agentEmail":null,"agentPhone":null,"agentManagerAttUserId":"sb1709","agentManagerFirstName":"SHEILA","agentManagerLastName":"BRUMBELOW","agentManagerEmail":null,"agentManagerPhone":null,"agentManagerManagerAttUserId":"bh1716","agentStreet":"MDC 100 BUILDING C.P. GARCIA C-5 AVE","agentCity":"QUEZON CITY","agentState":"PH","agentZip":null,"agentCountryName":"Philippines","agentCompany":"STREAM GLOBAL SERVICES, INC.","alertStatusType":"New","accountsAccessed":0,"countOfCTNAccessed":0,"accountsNotedBySuspectId":0,"percentageNotedBySuspectId":0.0,"averageNumberOfBAN":0,"averageNumberOfCTN":0,"alertDisposition":null,"alertCreatedDateTime":null,"alertDispositionDateTime":null,"mobility":"N","clarifyNoMemoCount":1,"telegenceNoMemoCount":50,"dataScienceModelVersion":null,"telegenceId":null,"createdDateTime":null,"caseId":null,"collectionCreatedDate":null,"investigatorId":null,"averageAccountAccessCount":62,"averageSiteAvgAccessCount":60},{"id":"EC763E_20161117","date":"20161117","siteId":"LIB-WLNP","userId":"EC763E","clarifyDataSource":"CFY_BTTW","clarifyAccessCount":3,"clarifySiteAvgAccessCount":50,"clarifyUniqueAccessCount":1,"clarifySiteAvgUniqueAccessCount":24,"clarifySub1MinAccessCount":1,"clarify2To5MinAccessCount":0,"clarify5To10MinAccessCount":0,"telegenceDataSource":"TLG_BTTW","telegenceAccessCount":122,"telegenceSiteAvgAccessCount":70,"telegenceUniqueAccessCount":52,"telegenceSiteAvgUniqueAccessCount":18,"telegenceSub1MinAccessCount":6,"telegence2To5MinAccessCount":6,"telegence5To10MinAccessCount":13,"telegenceClarifyUniqueAccessCount":2,"telegenceClarifySiteAvgAccessCount":22,"anomalyProbability":0.331,"agentFirstName":"EDUARDO","agentLastName":"CARANDANG","agentEmail":null,"agentPhone":null,"agentManagerAttUserId":"sb1709","agentManagerFirstName":"SHEILA","agentManagerLastName":"BRUMBELOW","agentManagerEmail":null,"agentManagerPhone":null,"agentManagerManagerAttUserId":"bh1716","agentStreet":"MDC 100 BUILDING C.P. GARCIA C-5 AVE","agentCity":"QUEZON CITY","agentState":"PH","agentZip":null,"agentCountryName":"Philippines","agentCompany":"STREAM GLOBAL SERVICES, INC.","alertStatusType":"New","accountsAccessed":0,"countOfCTNAccessed":0,"accountsNotedBySuspectId":0,"percentageNotedBySuspectId":0.0,"averageNumberOfBAN":0,"averageNumberOfCTN":0,"alertDisposition":null,"alertCreatedDateTime":null,"alertDispositionDateTime":null,"mobility":"N","clarifyNoMemoCount":1,"telegenceNoMemoCount":50,"dataScienceModelVersion":null,"telegenceId":null,"createdDateTime":null,"caseId":null,"collectionCreatedDate":null,"investigatorId":null,"averageAccountAccessCount":62,"averageSiteAvgAccessCount":60},{"id":"EC763E_20161116","date":"20161116","siteId":"LIB-WLNP","userId":"EC763E","clarifyDataSource":"CFY_BTTW","clarifyAccessCount":3,"clarifySiteAvgAccessCount":50,"clarifyUniqueAccessCount":1,"clarifySiteAvgUniqueAccessCount":24,"clarifySub1MinAccessCount":1,"clarify2To5MinAccessCount":0,"clarify5To10MinAccessCount":0,"telegenceDataSource":"TLG_BTTW","telegenceAccessCount":122,"telegenceSiteAvgAccessCount":70,"telegenceUniqueAccessCount":52,"telegenceSiteAvgUniqueAccessCount":18,"telegenceSub1MinAccessCount":6,"telegence2To5MinAccessCount":6,"telegence5To10MinAccessCount":13,"telegenceClarifyUniqueAccessCount":2,"telegenceClarifySiteAvgAccessCount":22,"anomalyProbability":0.331,"agentFirstName":"EDUARDO","agentLastName":"CARANDANG","agentEmail":null,"agentPhone":null,"agentManagerAttUserId":"sb1709","agentManagerFirstName":"SHEILA","agentManagerLastName":"BRUMBELOW","agentManagerEmail":null,"agentManagerPhone":null,"agentManagerManagerAttUserId":"bh1716","agentStreet":"MDC 100 BUILDING C.P. GARCIA C-5 AVE","agentCity":"QUEZON CITY","agentState":"PH","agentZip":null,"agentCountryName":"Philippines","agentCompany":"STREAM GLOBAL SERVICES, INC.","alertStatusType":"New","accountsAccessed":0,"countOfCTNAccessed":0,"accountsNotedBySuspectId":0,"percentageNotedBySuspectId":0.0,"averageNumberOfBAN":0,"averageNumberOfCTN":0,"alertDisposition":null,"alertCreatedDateTime":null,"alertDispositionDateTime":null,"mobility":"N","clarifyNoMemoCount":1,"telegenceNoMemoCount":50,"dataScienceModelVersion":null,"telegenceId":null,"createdDateTime":null,"caseId":null,"collectionCreatedDate":null,"investigatorId":null,"averageAccountAccessCount":62,"averageSiteAvgAccessCount":60},{"id":"AR5190_20161115","date":"20161115","siteId":"FRB-RET","userId":"AR5190","clarifyDataSource":"CFY_BTTW","clarifyAccessCount":37,"clarifySiteAvgAccessCount":19,"clarifyUniqueAccessCount":20,"clarifySiteAvgUniqueAccessCount":13,"clarifySub1MinAccessCount":19,"clarify2To5MinAccessCount":1,"clarify5To10MinAccessCount":0,"telegenceDataSource":"TLG_BTTW","telegenceAccessCount":243,"telegenceSiteAvgAccessCount":74,"telegenceUniqueAccessCount":51,"telegenceSiteAvgUniqueAccessCount":13,"telegenceSub1MinAccessCount":5,"telegence2To5MinAccessCount":9,"telegence5To10MinAccessCount":9,"telegenceClarifyUniqueAccessCount":20,"telegenceClarifySiteAvgAccessCount":11,"anomalyProbability":0.286,"agentFirstName":"CHRISTOPHER","agentLastName":"BOSRON","agentEmail":null,"agentPhone":null,"agentManagerAttUserId":"ap7225","agentManagerFirstName":"ANTONIO","agentManagerLastName":"PENA","agentManagerEmail":null,"agentManagerPhone":null,"agentManagerManagerAttUserId":"bk2879","agentStreet":"57 E DAYTON YELLOW SPRINGS ROAD","agentCity":"FAIRBORN","agentState":"OH","agentZip":null,"agentCountryName":"United States","agentCompany":"TELEPERFORMANCE","alertStatusType":"New","accountsAccessed":0,"countOfCTNAccessed":0,"accountsNotedBySuspectId":0,"percentageNotedBySuspectId":0.0,"averageNumberOfBAN":0,"averageNumberOfCTN":0,"alertDisposition":null,"alertCreatedDateTime":null,"alertDispositionDateTime":null,"mobility":"Y","clarifyNoMemoCount":1,"telegenceNoMemoCount":16,"dataScienceModelVersion":null,"telegenceId":null,"createdDateTime":null,"caseId":"1051","collectionCreatedDate":null,"investigatorId":null,"averageAccountAccessCount":140,"averageSiteAvgAccessCount":46},{"id":"KC605J_20161115","date":"20161115","siteId":"MAL-MSS","userId":"KC605J","clarifyDataSource":"CFY_BTTW","clarifyAccessCount":12,"clarifySiteAvgAccessCount":30,"clarifyUniqueAccessCount":11,"clarifySiteAvgUniqueAccessCount":22,"clarifySub1MinAccessCount":11,"clarify2To5MinAccessCount":0,"clarify5To10MinAccessCount":0,"telegenceDataSource":"TLG_BTTW","telegenceAccessCount":128,"telegenceSiteAvgAccessCount":19,"telegenceUniqueAccessCount":31,"telegenceSiteAvgUniqueAccessCount":6,"telegenceSub1MinAccessCount":1,"telegence2To5MinAccessCount":0,"telegence5To10MinAccessCount":4,"telegenceClarifyUniqueAccessCount":10,"telegenceClarifySiteAvgAccessCount":4,"anomalyProbability":0.122,"agentFirstName":"KEITH","agentLastName":"COX","agentEmail":"keith.cox1@amer.sykes.com","agentPhone":null,"agentManagerAttUserId":"kl3758","agentManagerFirstName":"KATHERINE","agentManagerLastName":"LYNDON","agentManagerEmail":null,"agentManagerPhone":null,"agentManagerManagerAttUserId":"rk3447","agentStreet":"1601 MARTIN LUTHER KING (HWY 720)","agentCity":"MALVERN","agentState":"AR","agentZip":null,"agentCountryName":"United States","agentCompany":"SYKES","alertStatusType":"New","accountsAccessed":0,"countOfCTNAccessed":0,"accountsNotedBySuspectId":0,"percentageNotedBySuspectId":0.0,"averageNumberOfBAN":0,"averageNumberOfCTN":0,"alertDisposition":null,"alertCreatedDateTime":null,"alertDispositionDateTime":null,"mobility":"Y","clarifyNoMemoCount":1,"telegenceNoMemoCount":7,"dataScienceModelVersion":null,"telegenceId":null,"createdDateTime":null,"caseId":"1136","collectionCreatedDate":null,"investigatorId":"JB458R","averageAccountAccessCount":70,"averageSiteAvgAccessCount":24},{"id":"RA912W_20161115","date":"20161115","siteId":"QSP-TECH","userId":"RA912W","clarifyDataSource":"CFY_BTTW","clarifyAccessCount":33,"clarifySiteAvgAccessCount":22,"clarifyUniqueAccessCount":28,"clarifySiteAvgUniqueAccessCount":17,"clarifySub1MinAccessCount":28,"clarify2To5MinAccessCount":0,"clarify5To10MinAccessCount":0,"telegenceDataSource":"TLG_BTTW","telegenceAccessCount":108,"telegenceSiteAvgAccessCount":46,"telegenceUniqueAccessCount":27,"telegenceSiteAvgUniqueAccessCount":12,"telegenceSub1MinAccessCount":2,"telegence2To5MinAccessCount":0,"telegence5To10MinAccessCount":0,"telegenceClarifyUniqueAccessCount":22,"telegenceClarifySiteAvgAccessCount":10,"anomalyProbability":0.111,"agentFirstName":"ROSE","agentLastName":"ATCHLEY","agentEmail":"ra912w@us.att.com","agentPhone":"+1 4057784921","agentManagerAttUserId":"ej8878","agentManagerFirstName":"ELAINNA","agentManagerLastName":"HARRIS","agentManagerEmail":null,"agentManagerPhone":null,"agentManagerManagerAttUserId":"mb8389","agentStreet":"3201 QUAIL SPRINGS PKWY","agentCity":"OKLAHOMA CITY","agentState":"OK","agentZip":null,"agentCountryName":"United States","agentCompany":"AT&T MOBILITY AND CONSUMER OPERATIONS","alertStatusType":"New","accountsAccessed":0,"countOfCTNAccessed":0,"accountsNotedBySuspectId":0,"percentageNotedBySuspectId":0.0,"averageNumberOfBAN":0,"averageNumberOfCTN":0,"alertDisposition":null,"alertCreatedDateTime":null,"alertDispositionDateTime":null,"mobility":"Y","clarifyNoMemoCount":7,"telegenceNoMemoCount":7,"dataScienceModelVersion":null,"telegenceId":null,"createdDateTime":null,"caseId":"1139","collectionCreatedDate":null,"investigatorId":null,"averageAccountAccessCount":70,"averageSiteAvgAccessCount":34},{"id":"JJ0181_20161113","date":"20161113","siteId":"CED-WLNP","userId":"JJ0181","clarifyDataSource":"CFY_BTTW","clarifyAccessCount":5,"clarifySiteAvgAccessCount":52,"clarifyUniqueAccessCount":2,"clarifySiteAvgUniqueAccessCount":28,"clarifySub1MinAccessCount":2,"clarify2To5MinAccessCount":0,"clarify5To10MinAccessCount":0,"telegenceDataSource":"TLG_BTTW","telegenceAccessCount":200,"telegenceSiteAvgAccessCount":100,"telegenceUniqueAccessCount":98,"telegenceSiteAvgUniqueAccessCount":23,"telegenceSub1MinAccessCount":0,"telegence2To5MinAccessCount":0,"telegence5To10MinAccessCount":0,"telegenceClarifyUniqueAccessCount":2,"telegenceClarifySiteAvgAccessCount":26,"anomalyProbability":0.885,"agentFirstName":"JESSICA","agentLastName":"DAWSON","agentEmail":"jj0181@us.att.com","agentPhone":null,"agentManagerAttUserId":"be9630","agentManagerFirstName":"BRANDON","agentManagerLastName":"EAST","agentManagerEmail":null,"agentManagerPhone":null,"agentManagerManagerAttUserId":"mc9157","agentStreet":"101 AT&T WAY","agentCity":"CEDARTOWN","agentState":"GA","agentZip":null,"agentCountryName":"United States","agentCompany":"AT&T TECHNOLOGY OPERATIONS","alertStatusType":"New","accountsAccessed":0,"countOfCTNAccessed":0,"accountsNotedBySuspectId":0,"percentageNotedBySuspectId":0.0,"averageNumberOfBAN":0,"averageNumberOfCTN":0,"alertDisposition":null,"alertCreatedDateTime":null,"alertDispositionDateTime":null,"mobility":"Y","clarifyNoMemoCount":0,"telegenceNoMemoCount":57,"dataScienceModelVersion":null,"telegenceId":null,"createdDateTime":null,"caseId":"1001","collectionCreatedDate":null,"investigatorId":"cb1308","averageAccountAccessCount":102,"averageSiteAvgAccessCount":76},{"id":"AP6548_20161113","date":"20161113","siteId":"CL-SALES-SB","userId":"AP6548","clarifyDataSource":"NA","clarifyAccessCount":0,"clarifySiteAvgAccessCount":0,"clarifyUniqueAccessCount":0,"clarifySiteAvgUniqueAccessCount":0,"clarifySub1MinAccessCount":0,"clarify2To5MinAccessCount":0,"clarify5To10MinAccessCount":0,"telegenceDataSource":"TLG_BTTW","telegenceAccessCount":359,"telegenceSiteAvgAccessCount":5,"telegenceUniqueAccessCount":105,"telegenceSiteAvgUniqueAccessCount":2,"telegenceSub1MinAccessCount":29,"telegence2To5MinAccessCount":5,"telegence5To10MinAccessCount":3,"telegenceClarifyUniqueAccessCount":0,"telegenceClarifySiteAvgAccessCount":0,"anomalyProbability":0.758,"agentFirstName":"ANGELO","agentLastName":"PALLADINO","agentEmail":"ap6548@us.att.com","agentPhone":null,"agentManagerAttUserId":"rl294e","agentManagerFirstName":"RICHARD","agentManagerLastName":"LOCKWOOD","agentManagerEmail":null,"agentManagerPhone":null,"agentManagerManagerAttUserId":"lm477c","agentStreet":"150 E GAY ST","agentCity":"COLUMBUS","agentState":"OH","agentZip":null,"agentCountryName":"United States","agentCompany":"BUS SOL - BUSINESS MARKETING","alertStatusType":"New","accountsAccessed":0,"countOfCTNAccessed":0,"accountsNotedBySuspectId":0,"percentageNotedBySuspectId":0.0,"averageNumberOfBAN":0,"averageNumberOfCTN":0,"alertDisposition":null,"alertCreatedDateTime":null,"alertDispositionDateTime":null,"mobility":"N","clarifyNoMemoCount":0,"telegenceNoMemoCount":105,"dataScienceModelVersion":null,"telegenceId":null,"createdDateTime":null,"caseId":"1002","collectionCreatedDate":null,"investigatorId":"sv898b","averageAccountAccessCount":179,"averageSiteAvgAccessCount":2},{"id":"AC7501_20161113","date":"20161113","siteId":"CED-WLNP","userId":"AC7501","clarifyDataSource":"CFY_BTTW","clarifyAccessCount":9,"clarifySiteAvgAccessCount":52,"clarifyUniqueAccessCount":4,"clarifySiteAvgUniqueAccessCount":28,"clarifySub1MinAccessCount":3,"clarify2To5MinAccessCount":0,"clarify5To10MinAccessCount":0,"telegenceDataSource":"TLG_BTTW","telegenceAccessCount":136,"telegenceSiteAvgAccessCount":100,"telegenceUniqueAccessCount":70,"telegenceSiteAvgUniqueAccessCount":23,"telegenceSub1MinAccessCount":0,"telegence2To5MinAccessCount":0,"telegence5To10MinAccessCount":1,"telegenceClarifyUniqueAccessCount":6,"telegenceClarifySiteAvgAccessCount":26,"anomalyProbability":0.679,"agentFirstName":"ANGELA","agentLastName":"COVINGTON","agentEmail":"ac7501@us.att.com","agentPhone":null,"agentManagerAttUserId":"pd6262","agentManagerFirstName":"TRACY","agentManagerLastName":"DOOLEY","agentManagerEmail":null,"agentManagerPhone":null,"agentManagerManagerAttUserId":"mc9157","agentStreet":"101 AT&T WAY","agentCity":"CEDARTOWN","agentState":"GA","agentZip":null,"agentCountryName":"United States","agentCompany":"AT&T TECHNOLOGY OPERATIONS","alertStatusType":"New","accountsAccessed":0,"countOfCTNAccessed":0,"accountsNotedBySuspectId":0,"percentageNotedBySuspectId":0.0,"averageNumberOfBAN":0,"averageNumberOfCTN":0,"alertDisposition":null,"alertCreatedDateTime":null,"alertDispositionDateTime":null,"mobility":"Y","clarifyNoMemoCount":0,"telegenceNoMemoCount":46,"dataScienceModelVersion":null,"telegenceId":null,"createdDateTime":null,"caseId":"1003","collectionCreatedDate":null,"investigatorId":"st681u","averageAccountAccessCount":72,"averageSiteAvgAccessCount":76},{"id":"LM5498_20161113","date":"20161113","siteId":"CER-BOFC","userId":"LM5498","clarifyDataSource":"NA","clarifyAccessCount":0,"clarifySiteAvgAccessCount":0,"clarifyUniqueAccessCount":0,"clarifySiteAvgUniqueAccessCount":0,"clarifySub1MinAccessCount":0,"clarify2To5MinAccessCount":0,"clarify5To10MinAccessCount":0,"telegenceDataSource":"TLG_BTTW","telegenceAccessCount":654,"telegenceSiteAvgAccessCount":347,"telegenceUniqueAccessCount":217,"telegenceSiteAvgUniqueAccessCount":115,"telegenceSub1MinAccessCount":101,"telegence2To5MinAccessCount":33,"telegence5To10MinAccessCount":1,"telegenceClarifyUniqueAccessCount":0,"telegenceClarifySiteAvgAccessCount":0,"anomalyProbability":0.535,"agentFirstName":"LYNETTE","agentLastName":"MUNDY","agentEmail":"lm5498@us.att.com","agentPhone":null,"agentManagerAttUserId":"db4772","agentManagerFirstName":"DONALD","agentManagerLastName":"BLAKE","agentManagerEmail":null,"agentManagerPhone":null,"agentManagerManagerAttUserId":"gg7852","agentStreet":"12911 E 183RD ST","agentCity":"CERRITOS","agentState":"CA","agentZip":null,"agentCountryName":"United States","agentCompany":"AT&T MOBILITY AND CONSUMER OPERATIONS","alertStatusType":"New","accountsAccessed":0,"countOfCTNAccessed":0,"accountsNotedBySuspectId":0,"percentageNotedBySuspectId":0.0,"averageNumberOfBAN":0,"averageNumberOfCTN":0,"alertDisposition":null,"alertCreatedDateTime":null,"alertDispositionDateTime":null,"mobility":"N","clarifyNoMemoCount":0,"telegenceNoMemoCount":7,"dataScienceModelVersion":null,"telegenceId":null,"createdDateTime":null,"caseId":"1004","collectionCreatedDate":null,"investigatorId":"al8471","averageAccountAccessCount":327,"averageSiteAvgAccessCount":173},{"id":"AW4710_20161113","date":"20161113","siteId":"CLK-BCS-NSC","userId":"AW4710","clarifyDataSource":"NA","clarifyAccessCount":0,"clarifySiteAvgAccessCount":0,"clarifyUniqueAccessCount":0,"clarifySiteAvgUniqueAccessCount":0,"clarifySub1MinAccessCount":0,"clarify2To5MinAccessCount":0,"clarify5To10MinAccessCount":0,"telegenceDataSource":"TLG_BTTW","telegenceAccessCount":213,"telegenceSiteAvgAccessCount":38,"telegenceUniqueAccessCount":131,"telegenceSiteAvgUniqueAccessCount":7,"telegenceSub1MinAccessCount":4,"telegence2To5MinAccessCount":42,"telegence5To10MinAccessCount":18,"telegenceClarifyUniqueAccessCount":0,"telegenceClarifySiteAvgAccessCount":0,"anomalyProbability":0.439,"agentFirstName":"AMANDA","agentLastName":"WOPPERT","agentEmail":null,"agentPhone":null,"agentManagerAttUserId":"ag2296","agentManagerFirstName":"AIDA","agentManagerLastName":"GASKIN","agentManagerEmail":null,"agentManagerPhone":null,"agentManagerManagerAttUserId":"rw7724","agentStreet":"326 DOVER ROAD","agentCity":"CLARKSVILLE","agentState":"TN","agentZip":null,"agentCountryName":"United States","agentCompany":"CONVERGYS CUSTOMER MANAGEMENT GROUP INC.","alertStatusType":"New","accountsAccessed":0,"countOfCTNAccessed":0,"accountsNotedBySuspectId":0,"percentageNotedBySuspectId":0.0,"averageNumberOfBAN":0,"averageNumberOfCTN":0,"alertDisposition":null,"alertCreatedDateTime":null,"alertDispositionDateTime":null,"mobility":"Y","clarifyNoMemoCount":0,"telegenceNoMemoCount":9,"dataScienceModelVersion":null,"telegenceId":null,"createdDateTime":null,"caseId":"1016","collectionCreatedDate":null,"investigatorId":null,"averageAccountAccessCount":106,"averageSiteAvgAccessCount":19},{"id":"KD2693_20161113","date":"20161113","siteId":"CED-WLNP","userId":"KD2693","clarifyDataSource":"CFY_BTTW","clarifyAccessCount":69,"clarifySiteAvgAccessCount":52,"clarifyUniqueAccessCount":30,"clarifySiteAvgUniqueAccessCount":28,"clarifySub1MinAccessCount":23,"clarify2To5MinAccessCount":0,"clarify5To10MinAccessCount":1,"telegenceDataSource":"TLG_BTTW","telegenceAccessCount":303,"telegenceSiteAvgAccessCount":100,"telegenceUniqueAccessCount":89,"telegenceSiteAvgUniqueAccessCount":23,"telegenceSub1MinAccessCount":1,"telegence2To5MinAccessCount":2,"telegence5To10MinAccessCount":4,"telegenceClarifyUniqueAccessCount":32,"telegenceClarifySiteAvgAccessCount":26,"anomalyProbability":0.439,"agentFirstName":"KAREN","agentLastName":"DAVIS","agentEmail":"kd2693@us.att.com","agentPhone":null,"agentManagerAttUserId":"pd6262","agentManagerFirstName":"TRACY","agentManagerLastName":"DOOLEY","agentManagerEmail":null,"agentManagerPhone":null,"agentManagerManagerAttUserId":"mc9157","agentStreet":"101 AT&T WAY","agentCity":"CEDARTOWN","agentState":"GA","agentZip":null,"agentCountryName":"United States","agentCompany":"AT&T TECHNOLOGY OPERATIONS","alertStatusType":"New","accountsAccessed":0,"countOfCTNAccessed":0,"accountsNotedBySuspectId":0,"percentageNotedBySuspectId":0.0,"averageNumberOfBAN":0,"averageNumberOfCTN":0,"alertDisposition":null,"alertCreatedDateTime":null,"alertDispositionDateTime":null,"mobility":"Y","clarifyNoMemoCount":3,"telegenceNoMemoCount":20,"dataScienceModelVersion":null,"telegenceId":null,"createdDateTime":null,"caseId":"1024","collectionCreatedDate":null,"investigatorId":"mc898b","averageAccountAccessCount":186,"averageSiteAvgAccessCount":76},{"id":"RL7829_20161113","date":"20161113","siteId":"QUE-CHAT","userId":"RL7829","clarifyDataSource":"CFY_BTTW","clarifyAccessCount":4,"clarifySiteAvgAccessCount":24,"clarifyUniqueAccessCount":4,"clarifySiteAvgUniqueAccessCount":19,"clarifySub1MinAccessCount":4,"clarify2To5MinAccessCount":0,"clarify5To10MinAccessCount":0,"telegenceDataSource":"TLG_BTTW","telegenceAccessCount":327,"telegenceSiteAvgAccessCount":125,"telegenceUniqueAccessCount":69,"telegenceSiteAvgUniqueAccessCount":28,"telegenceSub1MinAccessCount":6,"telegence2To5MinAccessCount":12,"telegence5To10MinAccessCount":19,"telegenceClarifyUniqueAccessCount":0,"telegenceClarifySiteAvgAccessCount":0,"anomalyProbability":0.409,"agentFirstName":"ROMEO III","agentLastName":"LONOSA","agentEmail":null,"agentPhone":null,"agentManagerAttUserId":"av7858","agentManagerFirstName":"ALDO","agentManagerLastName":"VILLALOBOS","agentManagerEmail":null,"agentManagerPhone":null,"agentManagerManagerAttUserId":"kf1043","agentStreet":"UP SCIENCE & TECH PARK, COMMONWEALTH AVE","agentCity":"QUEZON","agentState":"PH","agentZip":null,"agentCountryName":"Philippines","agentCompany":"CONVERGYS CUSTOMER MANAGEMENT GROUP INC.","alertStatusType":"New","accountsAccessed":0,"countOfCTNAccessed":0,"accountsNotedBySuspectId":0,"percentageNotedBySuspectId":0.0,"averageNumberOfBAN":0,"averageNumberOfCTN":0,"alertDisposition":null,"alertCreatedDateTime":null,"alertDispositionDateTime":null,"mobility":"Y","clarifyNoMemoCount":0,"telegenceNoMemoCount":22,"dataScienceModelVersion":null,"telegenceId":null,"createdDateTime":null,"caseId":"1026","collectionCreatedDate":null,"investigatorId":"sv898b","averageAccountAccessCount":165,"averageSiteAvgAccessCount":74},{"id":"DD515G_20161113","date":"20161113","siteId":"CLK-BCS-NSC","userId":"DD515G","clarifyDataSource":"NA","clarifyAccessCount":0,"clarifySiteAvgAccessCount":0,"clarifyUniqueAccessCount":0,"clarifySiteAvgUniqueAccessCount":0,"clarifySub1MinAccessCount":0,"clarify2To5MinAccessCount":0,"clarify5To10MinAccessCount":0,"telegenceDataSource":"TLG_BTTW","telegenceAccessCount":473,"telegenceSiteAvgAccessCount":38,"telegenceUniqueAccessCount":143,"telegenceSiteAvgUniqueAccessCount":7,"telegenceSub1MinAccessCount":1,"telegence2To5MinAccessCount":0,"telegence5To10MinAccessCount":0,"telegenceClarifyUniqueAccessCount":0,"telegenceClarifySiteAvgAccessCount":0,"anomalyProbability":0.381,"agentFirstName":"DIANE","agentLastName":"DEARTH","agentEmail":"dd515g@us.att.com","agentPhone":null,"agentManagerAttUserId":"ag2296","agentManagerFirstName":"AIDA","agentManagerLastName":"GASKIN","agentManagerEmail":null,"agentManagerPhone":null,"agentManagerManagerAttUserId":"rw7724","agentStreet":"326 DOVER ROAD","agentCity":"CLARKSVILLE","agentState":"TN","agentZip":null,"agentCountryName":"United States","agentCompany":"CONVERGYS CUSTOMER MANAGEMENT GROUP INC.","alertStatusType":"New","accountsAccessed":0,"countOfCTNAccessed":0,"accountsNotedBySuspectId":0,"percentageNotedBySuspectId":0.0,"averageNumberOfBAN":0,"averageNumberOfCTN":0,"alertDisposition":null,"alertCreatedDateTime":null,"alertDispositionDateTime":null,"mobility":"Y","clarifyNoMemoCount":0,"telegenceNoMemoCount":0,"dataScienceModelVersion":null,"telegenceId":null,"createdDateTime":null,"caseId":"1017","collectionCreatedDate":null,"investigatorId":"sg366f","averageAccountAccessCount":236,"averageSiteAvgAccessCount":19},{"id":"SM879T_20161113","date":"20161113","siteId":"CLK-BCS-NSC","userId":"SM879T","clarifyDataSource":"NA","clarifyAccessCount":0,"clarifySiteAvgAccessCount":0,"clarifyUniqueAccessCount":0,"clarifySiteAvgUniqueAccessCount":0,"clarifySub1MinAccessCount":0,"clarify2To5MinAccessCount":0,"clarify5To10MinAccessCount":0,"telegenceDataSource":"TLG_BTTW","telegenceAccessCount":322,"telegenceSiteAvgAccessCount":38,"telegenceUniqueAccessCount":135,"telegenceSiteAvgUniqueAccessCount":7,"telegenceSub1MinAccessCount":2,"telegence2To5MinAccessCount":42,"telegence5To10MinAccessCount":68,"telegenceClarifyUniqueAccessCount":0,"telegenceClarifySiteAvgAccessCount":0,"anomalyProbability":0.369,"agentFirstName":"SEDRICK","agentLastName":"MCLEAN","agentEmail":null,"agentPhone":null,"agentManagerAttUserId":"ag2296","agentManagerFirstName":"AIDA","agentManagerLastName":"GASKIN","agentManagerEmail":null,"agentManagerPhone":null,"agentManagerManagerAttUserId":"rw7724","agentStreet":"326 DOVER ROAD","agentCity":"CLARKSVILLE","agentState":"TN","agentZip":null,"agentCountryName":"United States","agentCompany":"CONVERGYS CUSTOMER MANAGEMENT GROUP INC.","alertStatusType":"New","accountsAccessed":0,"countOfCTNAccessed":0,"accountsNotedBySuspectId":0,"percentageNotedBySuspectId":0.0,"averageNumberOfBAN":0,"averageNumberOfCTN":0,"alertDisposition":null,"alertCreatedDateTime":null,"alertDispositionDateTime":null,"mobility":"Y","clarifyNoMemoCount":0,"telegenceNoMemoCount":2,"dataScienceModelVersion":null,"telegenceId":null,"createdDateTime":null,"caseId":"1029","collectionCreatedDate":null,"investigatorId":"st681u","averageAccountAccessCount":161,"averageSiteAvgAccessCount":19},{"id":"JA193Q_20161113","date":"20161113","siteId":"CLK-BCS-NSC","userId":"JA193Q","clarifyDataSource":"NA","clarifyAccessCount":0,"clarifySiteAvgAccessCount":0,"clarifyUniqueAccessCount":0,"clarifySiteAvgUniqueAccessCount":0,"clarifySub1MinAccessCount":0,"clarify2To5MinAccessCount":0,"clarify5To10MinAccessCount":0,"telegenceDataSource":"TLG_BTTW","telegenceAccessCount":116,"telegenceSiteAvgAccessCount":38,"telegenceUniqueAccessCount":90,"telegenceSiteAvgUniqueAccessCount":7,"telegenceSub1MinAccessCount":11,"telegence2To5MinAccessCount":8,"telegence5To10MinAccessCount":48,"telegenceClarifyUniqueAccessCount":0,"telegenceClarifySiteAvgAccessCount":0,"anomalyProbability":0.344,"agentFirstName":"JEFFERY","agentLastName":"ASH","agentEmail":"ja193q@us.att.com","agentPhone":null,"agentManagerAttUserId":"ag2296","agentManagerFirstName":"AIDA","agentManagerLastName":"GASKIN","agentManagerEmail":null,"agentManagerPhone":null,"agentManagerManagerAttUserId":"rw7724","agentStreet":"326 DOVER ROAD","agentCity":"CLARKSVILLE","agentState":"TN","agentZip":null,"agentCountryName":"United States","agentCompany":"CONVERGYS CUSTOMER MANAGEMENT GROUP INC.","alertStatusType":"New","accountsAccessed":0,"countOfCTNAccessed":0,"accountsNotedBySuspectId":0,"percentageNotedBySuspectId":0.0,"averageNumberOfBAN":0,"averageNumberOfCTN":0,"alertDisposition":null,"alertCreatedDateTime":null,"alertDispositionDateTime":null,"mobility":"Y","clarifyNoMemoCount":0,"telegenceNoMemoCount":10,"dataScienceModelVersion":null,"telegenceId":null,"createdDateTime":null,"caseId":"1030","collectionCreatedDate":null,"investigatorId":"st681u","averageAccountAccessCount":58,"averageSiteAvgAccessCount":19},{"id":"EC763E_20161113","date":"20161113","siteId":"LIB-WLNP","userId":"EC763E","clarifyDataSource":"CFY_BTTW","clarifyAccessCount":3,"clarifySiteAvgAccessCount":50,"clarifyUniqueAccessCount":1,"clarifySiteAvgUniqueAccessCount":24,"clarifySub1MinAccessCount":1,"clarify2To5MinAccessCount":0,"clarify5To10MinAccessCount":0,"telegenceDataSource":"TLG_BTTW","telegenceAccessCount":122,"telegenceSiteAvgAccessCount":70,"telegenceUniqueAccessCount":52,"telegenceSiteAvgUniqueAccessCount":18,"telegenceSub1MinAccessCount":6,"telegence2To5MinAccessCount":6,"telegence5To10MinAccessCount":13,"telegenceClarifyUniqueAccessCount":2,"telegenceClarifySiteAvgAccessCount":22,"anomalyProbability":0.331,"agentFirstName":"EDUARDO","agentLastName":"CARANDANG","agentEmail":null,"agentPhone":null,"agentManagerAttUserId":"sb1709","agentManagerFirstName":"SHEILA","agentManagerLastName":"BRUMBELOW","agentManagerEmail":null,"agentManagerPhone":null,"agentManagerManagerAttUserId":"bh1716","agentStreet":"MDC 100 BUILDING C.P. GARCIA C-5 AVE","agentCity":"QUEZON CITY","agentState":"PH","agentZip":null,"agentCountryName":"Philippines","agentCompany":"STREAM GLOBAL SERVICES, INC.","alertStatusType":"New","accountsAccessed":0,"countOfCTNAccessed":0,"accountsNotedBySuspectId":0,"percentageNotedBySuspectId":0.0,"averageNumberOfBAN":0,"averageNumberOfCTN":0,"alertDisposition":null,"alertCreatedDateTime":null,"alertDispositionDateTime":null,"mobility":"N","clarifyNoMemoCount":1,"telegenceNoMemoCount":50,"dataScienceModelVersion":null,"telegenceId":null,"createdDateTime":null,"caseId":"1031","collectionCreatedDate":null,"investigatorId":"sv898b","averageAccountAccessCount":62,"averageSiteAvgAccessCount":60},{"id":"SH5086_20161113","date":"20161113","siteId":"FRB-RET","userId":"SH5086","clarifyDataSource":"CFY_BTTW","clarifyAccessCount":50,"clarifySiteAvgAccessCount":19,"clarifyUniqueAccessCount":31,"clarifySiteAvgUniqueAccessCount":13,"clarifySub1MinAccessCount":29,"clarify2To5MinAccessCount":1,"clarify5To10MinAccessCount":0,"telegenceDataSource":"TLG_BTTW","telegenceAccessCount":157,"telegenceSiteAvgAccessCount":74,"telegenceUniqueAccessCount":34,"telegenceSiteAvgUniqueAccessCount":13,"telegenceSub1MinAccessCount":32,"telegence2To5MinAccessCount":0,"telegence5To10MinAccessCount":0,"telegenceClarifyUniqueAccessCount":39,"telegenceClarifySiteAvgAccessCount":11,"anomalyProbability":0.323,"agentFirstName":"SHELDON","agentLastName":"HARDY","agentEmail":null,"agentPhone":null,"agentManagerAttUserId":"ap7225","agentManagerFirstName":"ANTONIO","agentManagerLastName":"PENA","agentManagerEmail":null,"agentManagerPhone":null,"agentManagerManagerAttUserId":"bk2879","agentStreet":"57 E DAYTON YELLOW SPRINGS ROAD","agentCity":"FAIRBORN","agentState":"OH","agentZip":null,"agentCountryName":"United States","agentCompany":"TELEPERFORMANCE","alertStatusType":"New","accountsAccessed":0,"countOfCTNAccessed":0,"accountsNotedBySuspectId":0,"percentageNotedBySuspectId":0.0,"averageNumberOfBAN":0,"averageNumberOfCTN":0,"alertDisposition":null,"alertCreatedDateTime":null,"alertDispositionDateTime":null,"mobility":"Y","clarifyNoMemoCount":17,"telegenceNoMemoCount":19,"dataScienceModelVersion":null,"telegenceId":null,"createdDateTime":null,"caseId":"1025","collectionCreatedDate":null,"investigatorId":"st681u","averageAccountAccessCount":103,"averageSiteAvgAccessCount":46},{"id":"MC0545_20161113","date":"20161113","siteId":"CEB-CHAT","userId":"MC0545","clarifyDataSource":"CFY_BTTW","clarifyAccessCount":6,"clarifySiteAvgAccessCount":19,"clarifyUniqueAccessCount":5,"clarifySiteAvgUniqueAccessCount":16,"clarifySub1MinAccessCount":5,"clarify2To5MinAccessCount":0,"clarify5To10MinAccessCount":0,"telegenceDataSource":"TLG_BTTW","telegenceAccessCount":187,"telegenceSiteAvgAccessCount":80,"telegenceUniqueAccessCount":48,"telegenceSiteAvgUniqueAccessCount":20,"telegenceSub1MinAccessCount":0,"telegence2To5MinAccessCount":2,"telegence5To10MinAccessCount":0,"telegenceClarifyUniqueAccessCount":3,"telegenceClarifySiteAvgAccessCount":2,"anomalyProbability":0.319,"agentFirstName":"MADEL","agentLastName":"CABACOY","agentEmail":null,"agentPhone":null,"agentManagerAttUserId":"bd7242","agentManagerFirstName":"BRANDON","agentManagerLastName":"DAWSON","agentManagerEmail":null,"agentManagerPhone":null,"agentManagerManagerAttUserId":"kf1043","agentStreet":"6F EBLOC TWR 3 GEONZON ST CEBU IT PARK","agentCity":"CEBU CITY","agentState":"PH","agentZip":null,"agentCountryName":"Philippines","agentCompany":"24/7 CUSTOMER, INC","alertStatusType":"New","accountsAccessed":0,"countOfCTNAccessed":0,"accountsNotedBySuspectId":0,"percentageNotedBySuspectId":0.0,"averageNumberOfBAN":0,"averageNumberOfCTN":0,"alertDisposition":null,"alertCreatedDateTime":null,"alertDispositionDateTime":null,"mobility":"Y","clarifyNoMemoCount":0,"telegenceNoMemoCount":20,"dataScienceModelVersion":null,"telegenceId":null,"createdDateTime":null,"caseId":"1034","collectionCreatedDate":null,"investigatorId":null,"averageAccountAccessCount":96,"averageSiteAvgAccessCount":49},{"id":"MT850A_20161113","date":"20161113","siteId":"MOR-MCSC","userId":"MT850A","clarifyDataSource":"CFY_BTTW","clarifyAccessCount":47,"clarifySiteAvgAccessCount":27,"clarifyUniqueAccessCount":40,"clarifySiteAvgUniqueAccessCount":20,"clarifySub1MinAccessCount":39,"clarify2To5MinAccessCount":0,"clarify5To10MinAccessCount":0,"telegenceDataSource":"TLG_BTTW","telegenceAccessCount":86,"telegenceSiteAvgAccessCount":36,"telegenceUniqueAccessCount":42,"telegenceSiteAvgUniqueAccessCount":12,"telegenceSub1MinAccessCount":0,"telegence2To5MinAccessCount":0,"telegence5To10MinAccessCount":0,"telegenceClarifyUniqueAccessCount":6,"telegenceClarifySiteAvgAccessCount":6,"anomalyProbability":0.313,"agentFirstName":"MANUEL","agentLastName":"TENCIO","agentEmail":"manuel.tencio@amer.sykes.com","agentPhone":null,"agentManagerAttUserId":"og7602","agentManagerFirstName":"ORALIA","agentManagerLastName":"GONZALEZ","agentManagerEmail":null,"agentManagerPhone":null,"agentManagerManagerAttUserId":"rk3447","agentStreet":"NOVACENTRO GUADALUPE 700 METERS N","agentCity":"MORAVIA","agentState":"SJ","agentZip":null,"agentCountryName":"Costa Rica","agentCompany":"SYKES","alertStatusType":"New","accountsAccessed":0,"countOfCTNAccessed":0,"accountsNotedBySuspectId":0,"percentageNotedBySuspectId":0.0,"averageNumberOfBAN":0,"averageNumberOfCTN":0,"alertDisposition":null,"alertCreatedDateTime":null,"alertDispositionDateTime":null,"mobility":"Y","clarifyNoMemoCount":4,"telegenceNoMemoCount":21,"dataScienceModelVersion":null,"telegenceId":null,"createdDateTime":null,"caseId":"1035","collectionCreatedDate":null,"investigatorId":"sy992u","averageAccountAccessCount":66,"averageSiteAvgAccessCount":31},{"id":"BS054M_20161113","date":"20161113","siteId":"LAK-MSS","userId":"BS054M","clarifyDataSource":"NA","clarifyAccessCount":0,"clarifySiteAvgAccessCount":0,"clarifyUniqueAccessCount":0,"clarifySiteAvgUniqueAccessCount":0,"clarifySub1MinAccessCount":0,"clarify2To5MinAccessCount":0,"clarify5To10MinAccessCount":0,"telegenceDataSource":"TLG_BTTW","telegenceAccessCount":134,"telegenceSiteAvgAccessCount":10,"telegenceUniqueAccessCount":45,"telegenceSiteAvgUniqueAccessCount":3,"telegenceSub1MinAccessCount":1,"telegence2To5MinAccessCount":0,"telegence5To10MinAccessCount":3,"telegenceClarifyUniqueAccessCount":0,"telegenceClarifySiteAvgAccessCount":0,"anomalyProbability":0.311,"agentFirstName":"BRITNEY","agentLastName":"SMITH","agentEmail":"britney.smith@amer.sykes.com","agentPhone":null,"agentManagerAttUserId":"cc6720","agentManagerFirstName":"CARMEN","agentManagerLastName":"CHACON","agentManagerEmail":null,"agentManagerPhone":null,"agentManagerManagerAttUserId":"as3598","agentStreet":"1144 W GRIFFIN RD","agentCity":"LAKELAND","agentState":"FL","agentZip":null,"agentCountryName":"United States","agentCompany":"SYKES","alertStatusType":"New","accountsAccessed":0,"countOfCTNAccessed":0,"accountsNotedBySuspectId":0,"percentageNotedBySuspectId":0.0,"averageNumberOfBAN":0,"averageNumberOfCTN":0,"alertDisposition":null,"alertCreatedDateTime":null,"alertDispositionDateTime":null,"mobility":"Y","clarifyNoMemoCount":0,"telegenceNoMemoCount":20,"dataScienceModelVersion":null,"telegenceId":null,"createdDateTime":null,"caseId":"1036","collectionCreatedDate":null,"investigatorId":"rr248q","averageAccountAccessCount":67,"averageSiteAvgAccessCount":5}],"size":25,"page":0,"totalPages":998,"totalRecords":24934}