{
   "componentPermissionMap":{
      "IT_ADMIN":{
         "view":true,
         "edit":true,
         "add":true,
         "delete":true
      },
      "IT_RULES":{
         "view":true,
         "edit":true,
         "add":false,
         "delete":false
      },
      "IT_CASE_MGT":{
         "view":true,
         "edit":true,
         "add":true,
         "delete":false
      },
      "IT_INCIDENCE_RESPONSE":{
         "view":true,
         "edit":true,
         "add":true,
         "delete":true
      }
   },
   "serviceResult":{
      "success":true,
      "errorMessage":null,
      "errorMessageTechnical":null
   }
}