{
   "serviceResult":{
      "success":true,
      "errorMessage":null,
      "errorMessageTechnical":null
   },
   "rulesInfoList":[
      {
         "ruleNumber":"30",
         "ruleName":"Anomaly Probability Threshold",
         "ruleColumn":"anomalyProbability",
         "threshold":".80",
         "createdBy":"System",
         "lastUpdatedBy":null,
         "timeFrameDays":null,
         "description":"",
         "distinctCountField":null,
         "createdDateTime":1484130958489,
         "lastUpdatedDateTime":null,
         "effectiveDate":1476943200001,
         "expiryDate":2524629600001,
         "recycleDays":30
      },
      {
         "ruleNumber":"25",
         "ruleName":"Anomaly Probability Threshold",
         "ruleColumn":"anomalyProbability",
         "threshold":".80",
         "createdBy":"System",
         "lastUpdatedBy":null,
         "timeFrameDays":null,
         "description":"",
         "distinctCountField":null,
         "createdDateTime":1484130914800,
         "lastUpdatedDateTime":null,
         "effectiveDate":1476943200001,
         "expiryDate":2524629600001,
         "recycleDays":30
      },
      {
         "ruleNumber":"15",
         "ruleName":"Anomaly Probability Threshold",
         "ruleColumn":"anomalyProbability",
         "threshold":".80",
         "createdBy":"System",
         "lastUpdatedBy":null,
         "timeFrameDays":null,
         "description":"",
         "distinctCountField":null,
         "createdDateTime":1484130774919,
         "lastUpdatedDateTime":null,
         "effectiveDate":1476943200001,
         "expiryDate":2524629600001,
         "recycleDays":30
      },
      {
         "ruleNumber":"4",
         "ruleName":"Anomaly Probability Threshold",
         "ruleColumn":"anomalyProbability",
         "threshold":".80",
         "createdBy":"System",
         "lastUpdatedBy":null,
         "timeFrameDays":null,
         "description":"",
         "distinctCountField":null,
         "createdDateTime":1484130752355,
         "lastUpdatedDateTime":null,
         "effectiveDate":1476943200001,
         "expiryDate":2524629600001,
         "recycleDays":30
      },
      {
         "ruleNumber":"12",
         "ruleName":"Case Recycle Days",
         "ruleColumn":"Case Recycle Days",
         "threshold":".80",
         "createdBy":"System",
         "lastUpdatedBy":null,
         "timeFrameDays":null,
         "description":"",
         "distinctCountField":null,
         "createdDateTime":1484119639666,
         "lastUpdatedDateTime":null,
         "effectiveDate":1484114400001,
         "expiryDate":1486792800001,
         "recycleDays":0
      },
      {
         "ruleNumber":"11",
         "ruleName":"Anomaly Probability Threshold 4",
         "ruleColumn":"anomalyProbability 4",
         "threshold":"75.9",
         "createdBy":"mc898b",
         "lastUpdatedBy":"sd9510",
         "timeFrameDays":"2",
         "description":null,
         "distinctCountField":null,
         "createdDateTime":1479901700000,
         "lastUpdatedDateTime":1483093598000,
         "effectiveDate":1483093598000,
         "expiryDate":1483266398000,
         "recycleDays":0
      },
      {
         "ruleNumber":"1",
         "ruleName":"Anomaly Probability Threshold",
         "ruleColumn":"anomalyProbability",
         "threshold":"0.51",
         "createdBy":"System",
         "lastUpdatedBy":"sp248q",
         "timeFrameDays":"0",
         "description":"",
         "distinctCountField":null,
         "createdDateTime":1479162382668,
         "lastUpdatedDateTime":1483601377000,
         "effectiveDate":1483601377000,
         "expiryDate":1483601377000,
         "recycleDays":25
      }
   ],
   "message":null
}