{"attID":"rs1234","topSummary":[{"attID":"BJ3421","firstName":"Smith","lastName":"Travis","callCenterCity":"Brooklyn","callCenterState":"Newyork","probabilityScore":0.47,"dateOfAbnormalEvent":"May 21,2015"},{"attID":"As7521","firstName":"Garcia","lastName":"Anna","callCenterCity":"Bogota","callCenterState":"ColombiaPitt","probabilityScore":0.37,"dateOfAbnormalEvent":"May 21,2015"},{"attID":"SM6123","firstName":"Miller","lastName":"Sara","callCenterCity":"Barcelona","callCenterState":"Spain","probabilityScore":0.26,"dateOfAbnormalEvent":"May 21,2015"},{"attID":"BJ3444","firstName":"Scott","lastName":"Naithan","callCenterCity":"Puerto Rico","callCenterState":"Spain","probabilityScore":0.18,"dateOfAbnormalEvent":"May 21,2015"},{"attID":"BJ3422","firstName":"Nelson","lastName":"Blake","callCenterCity":"Frankfurt","callCenterState":"Germany","probabilityScore":0.15,"dateOfAbnormalEvent":"May 21,2015"}],"allPriorityAlerts":[{"misUseDate":"May 20, 2015","misUseDay":"YESTERDAY","misUsePercentage":"78"},{"misUseDate":"May 21, 2015","misUseDay":"TODAY","misUsePercentage":"98"}],"mostRecentBookmarks":[{"attID":"AS4572","firstName":"radiel","lastName":"joseph","callCenterCity":null,"callCenterState":null,"anomalyEventDate":"May 21, 2015","dateOfBookMarkCreated":null,"isAnomalyEvent":"yes"}],"worldMap":[{"attID":"BJ3421","firstName":"Smith","lastName":"Travis","city":"Brooklyn","state":"New York","probabilityScore":47,"latitude":40.69,"longitude":-73.94,"circleRadius":10.0},{"attID":"As7521","firstName":"Garcia","lastName":"Anna","city":"Bogota","state":"ColombiaPitt","probabilityScore":37,"latitude":4.62,"longitude":-74.06,"circleRadius":10.0},{"attID":"SM6123","firstName":"Miller","lastName":"Sara","city":"Barcelona","state":"Spain","probabilityScore":26,"latitude":41.38,"longitude":2.15,"circleRadius":10.0},{"attID":"BJ3444","firstName":"Scott","lastName":"Naithan","city":"San Juan","state":"Puerto Rico","probabilityScore":18,"latitude":18.45,"longitude":-66.06,"circleRadius":10.0},{"attID":"BJ3422","firstName":"Nelson","lastName":"Blake","city":"Frankfurt","state":"Germany","probabilityScore":15,"latitude":50.11,"longitude":8.68,"circleRadius":10.0}]}