{
	"serviceResult": {
		"success": true,
		"errorMessage": null,
		"errorMessageTechnical": null
	},
	"dispositionTypeList": [{
		"id": "1",
		"dispositionName": "Fraud Mining",
		"removed": false,
		"dispositionEnabled": true,
		"createdBy": "rr248q",
		"lastUpdatedBy": "",
		"createdDateTime": 1481018394000,
		"lastUpdatedDateTime": null
	}, {
		"id": "2",
		"dispositionName": "Fraud Compromised Credentials",
		"removed": false,
		"dispositionEnabled": true,
		"createdBy": "rr248q",
		"lastUpdatedBy": "",
		"createdDateTime": 1481018412000,
		"lastUpdatedDateTime": null
	}, {
		"id": "3",
		"dispositionName": "Not Fraud Shared Credentials",
		"removed": false,
		"dispositionEnabled": true,
		"createdBy": "rr248q",
		"lastUpdatedBy": "",
		"createdDateTime": 1481018429000,
		"lastUpdatedDateTime": null
	}, {
		"id": "4",
		"dispositionName": "Not Fraud Training Class",
		"removed": false,
		"dispositionEnabled": true,
		"createdBy": "rr248q",
		"lastUpdatedBy": "",
		"createdDateTime": 1481018445000,
		"lastUpdatedDateTime": null
	}, {
		"id": "5",
		"dispositionName": "Unknown Fraud",
		"removed": false,
		"dispositionEnabled": true,
		"createdBy": "rr248q",
		"lastUpdatedBy": "",
		"createdDateTime": 1481018457000,
		"lastUpdatedDateTime": null
	}, {
		"id": "6",
		"dispositionName": "Auto Close",
		"removed": false,
		"dispositionEnabled": true,
		"createdBy": "rr248q",
		"lastUpdatedBy": "",
		"createdDateTime": 1481018468000,
		"lastUpdatedDateTime": null
	}, {
		"id": "7",
		"dispositionName": "Not Fraud Multi PC Logon self",
		"removed": false,
		"dispositionEnabled": true,
		"createdBy": "rr248q",
		"lastUpdatedBy": "",
		"createdDateTime": 1481018482000,
		"lastUpdatedDateTime": null
	}, {
		"id": "8",
		"dispositionName": "Not Fraud Multi PC Logon agent",
		"removed": false,
		"dispositionEnabled": true,
		"createdBy": "rr248q",
		"lastUpdatedBy": "",
		"createdDateTime": 1481018496000,
		"lastUpdatedDateTime": null
	}, {
		"id": "9",
		"dispositionName": "Not Fraud Special Project",
		"removed": false,
		"dispositionEnabled": true,
		"createdBy": "rr248q",
		"lastUpdatedBy": "",
		"createdDateTime": 1481018509000,
		"lastUpdatedDateTime": null
	}, {
		"id": "10",
		"dispositionName": "Not Fraud Agent failed to note",
		"removed": false,
		"dispositionEnabled": true,
		"createdBy": "rr248q",
		"lastUpdatedBy": "",
		"createdDateTime": 1481018524000,
		"lastUpdatedDateTime": null
	}, {
		"id": "11",
		"dispositionName": "False Positive",
		"removed": false,
		"dispositionEnabled": true,
		"createdBy": "rr248q",
		"lastUpdatedBy": "",
		"createdDateTime": 1481018535000,
		"lastUpdatedDateTime": null
	}, {
		"id": "8",
		"dispositionName": "Not Fraud Multi PC Logon agent",
		"removed": false,
		"dispositionEnabled": true,
		"createdBy": "rr248q",
		"lastUpdatedBy": "",
		"createdDateTime": 1481018496000,
		"lastUpdatedDateTime": null
	}, {
		"id": "9",
		"dispositionName": "Not Fraud Special Project",
		"removed": false,
		"dispositionEnabled": true,
		"createdBy": "rr248q",
		"lastUpdatedBy": "",
		"createdDateTime": 1481018509000,
		"lastUpdatedDateTime": null
	}, {
		"id": "10",
		"dispositionName": "Not Fraud Agent failed to note",
		"removed": false,
		"dispositionEnabled": true,
		"createdBy": "rr248q",
		"lastUpdatedBy": "",
		"createdDateTime": 1481018524000,
		"lastUpdatedDateTime": null
	}, {
		"id": "11",
		"dispositionName": "False Positive",
		"removed": false,
		"dispositionEnabled": true,
		"createdBy": "rr248q",
		"lastUpdatedBy": "",
		"createdDateTime": 1481018535000,
		"lastUpdatedDateTime": null
	}, {
		"id": "8",
		"dispositionName": "Not Fraud Multi PC Logon agent",
		"removed": false,
		"dispositionEnabled": true,
		"createdBy": "rr248q",
		"lastUpdatedBy": "",
		"createdDateTime": 1481018496000,
		"lastUpdatedDateTime": null
	}, {
		"id": "11",
		"dispositionName": "False Positive",
		"removed": false,
		"dispositionEnabled": true,
		"createdBy": "rr248q",
		"lastUpdatedBy": "",
		"createdDateTime": 1481018535000,
		"lastUpdatedDateTime": null
	}],
	"message": "Disposition Results",
	"size": 10,
	"page": 0,
	"totalPages": 2,
	"totalRecords": 11
}